"Data Source","World Development Indicators",

"Last Updated Date","2016-06-01",

"Country Name","Country Code","Indicator Name","Indicator Code","1960","1961","1962","1963","1964","1965","1966","1967","1968","1969","1970","1971","1972","1973","1974","1975","1976","1977","1978","1979","1980","1981","1982","1983","1984","1985","1986","1987","1988","1989","1990","1991","1992","1993","1994","1995","1996","1997","1998","1999","2000","2001","2002","2003","2004","2005","2006","2007","2008","2009","2010","2011","2012","2013","2014","2015",
"Aruba","ABW","Prevalence of anemia among children (% of children under 5)","SH.ANM.CHLD.ZS","","","","","","","","","","","","","","","","","","","","","","","","","","","","","","","","","","","","","","","","","","","","","","","","","","","","","","","","",
"Andorra","AND","Prevalence of anemia among children (% of children under 5)","SH.ANM.CHLD.ZS","","","","","","","","","","","","","","","","","","","","","","","","","","","","","","","17.2","15.9","14.8","13.9","13.2","12.7","12.3","11.9","11.7","11.5","11.5","11.4","11.5","11.5","11.6","11.7","11.8","12","12.3","12.7","13.3","14.1","","","","",
"Afghanistan","AFG","Prevalence of anemia among children (% of children under 5)","SH.ANM.CHLD.ZS","","","","","","","","","","","","","","","","","","","","","","","","","","","","","","","62.8","61.3","59.8","58.3","56.9","55.1","53.4","51.6","49.9","48.2","46.8","45.4","44.2","43.3","42.4","42","41.9","42","42.4","42.8","43.6","44.2","","","","",
"Angola","AGO","Prevalence of anemia among children (% of children under 5)","SH.ANM.CHLD.ZS","","","","","","","","","","","","","","","","","","","","","","","","","","","","","","","77.5","77.1","76.8","76.5","76.1","75.6","74.9","74.1","73.2","72.3","71.2","70.2","69.1","68","66.7","65.2","63.4","61.2","59","56.7","54.3","52.1","","","","",
"Albania","ALB","Prevalence of anemia among children (% of children under 5)","SH.ANM.CHLD.ZS","","","","","","","","","","","","","","","","","","","","","","","","","","","","","","","37","35","33.1","31.4","29.9","28.7","27.7","26.8","26","25.5","25.1","24.7","24.5","24.3","24.1","23.8","23.3","22.8","22.3","22.1","22.1","22.4","","","","",
"Arab World","ARB","Prevalence of anemia among children (% of children under 5)","SH.ANM.CHLD.ZS","","","","","","","","","","","","","","","","","","","","","","","","","","","","","","","53.6733024766031","52.5644428920122","51.6493964922154","50.7325210505774","49.8102640633632","48.7531520262999","47.8796723722387","47.0566650080138","46.2712519411346","45.6913550276197","45.3626129988943","45.3862383014396","45.6556769519529","46.0025043785739","46.2475469472448","46.4228676423179","46.2888087408928","45.8758713852383","45.283112550422","44.6645282899948","44.1179238356371","43.7183736443933","","","","",
"United Arab Emirates","ARE","Prevalence of anemia among children (% of children under 5)","SH.ANM.CHLD.ZS","","","","","","","","","","","","","","","","","","","","","","","","","","","","","","","39.5","38.1","36.7","35.4","34.3","33.3","32.2","31.3","30.6","30.1","29.8","29.7","29.9","30","30.1","30.4","30.3","30","29.7","29.4","29.1","29.1","","","","",
"Argentina","ARG","Prevalence of anemia among children (% of children under 5)","SH.ANM.CHLD.ZS","","","","","","","","","","","","","","","","","","","","","","","","","","","","","","","33.5","31.5","29.7","27.9","26.4","25.1","23.8","22.7","21.8","21","20.3","19.8","19.3","19.1","18.7","18.4","18.1","18","18.3","18.7","19.5","20.5","","","","",
"Armenia","ARM","Prevalence of anemia among children (% of children under 5)","SH.ANM.CHLD.ZS","","","","","","","","","","","","","","","","","","","","","","","","","","","","","","","38.9","37.3","35.7","34.2","32.6","31.2","29.7","28.3","27.2","26.4","25.9","25.8","26.3","26.8","27.5","28.4","29.3","30.1","31","31.9","33.1","34.4","","","","",
"American Samoa","ASM","Prevalence of anemia among children (% of children under 5)","SH.ANM.CHLD.ZS","","","","","","","","","","","","","","","","","","","","","","","","","","","","","","","","","","","","","","","","","","","","","","","","","","","","","","","","",
"Antigua and Barbuda","ATG","Prevalence of anemia among children (% of children under 5)","SH.ANM.CHLD.ZS","","","","","","","","","","","","","","","","","","","","","","","","","","","","","","","41.9","41","40.2","39.5","38.9","38.5","38.2","38","37.6","37.5","37.5","37.5","37.6","37.9","38","38.2","38.2","38.1","38.1","38.1","38.2","38.5","","","","",
"Australia","AUS","Prevalence of anemia among children (% of children under 5)","SH.ANM.CHLD.ZS","","","","","","","","","","","","","","","","","","","","","","","","","","","","","","","18.8","17.5","16.3","15.4","14.6","14","13.5","13.1","12.8","12.6","12.5","12.5","12.5","12.6","12.7","12.8","13","13.2","13.5","13.9","14.5","15.2","","","","",
"Austria","AUT","Prevalence of anemia among children (% of children under 5)","SH.ANM.CHLD.ZS","","","","","","","","","","","","","","","","","","","","","","","","","","","","","","","19","17.5","16.2","15.2","14.4","13.7","13.1","12.7","12.4","12.1","11.9","11.8","11.7","11.7","11.7","11.8","11.8","12","12.2","12.6","13.1","13.8","","","","",
"Azerbaijan","AZE","Prevalence of anemia among children (% of children under 5)","SH.ANM.CHLD.ZS","","","","","","","","","","","","","","","","","","","","","","","","","","","","","","","47.8","46.5","45.5","44.6","43.8","43.2","42.3","41.5","40.7","40","39.5","39.1","38.9","39","39","39","38.6","38","37.1","36.2","35.7","35.2","","","","",
"Burundi","BDI","Prevalence of anemia among children (% of children under 5)","SH.ANM.CHLD.ZS","","","","","","","","","","","","","","","","","","","","","","","","","","","","","","","75.1","74.4","73.5","72.7","71.8","70.8","69.8","68.8","67.7","66.5","65.4","64.4","63.3","62.1","60.8","59.2","57.4","55.2","52.8","50.7","48.5","46.5","","","","",
"Belgium","BEL","Prevalence of anemia among children (% of children under 5)","SH.ANM.CHLD.ZS","","","","","","","","","","","","","","","","","","","","","","","","","","","","","","","17.2","15.9","14.8","13.8","13.1","12.5","12.1","11.7","11.4","11.2","11.1","11.1","11.1","11.1","11.2","11.3","11.4","11.6","11.9","12.3","12.8","13.5","","","","",
"Benin","BEN","Prevalence of anemia among children (% of children under 5)","SH.ANM.CHLD.ZS","","","","","","","","","","","","","","","","","","","","","","","","","","","","","","","84.9","84.9","85","84.9","84.8","84.6","84.4","84.1","83.7","83.3","82.8","82.1","81.5","80.7","79.8","78.7","77.4","75.8","73.8","71.4","68.6","65.4","","","","",
"Burkina Faso","BFA","Prevalence of anemia among children (% of children under 5)","SH.ANM.CHLD.ZS","","","","","","","","","","","","","","","","","","","","","","","","","","","","","","","89.1","89.2","89.3","89.4","89.4","89.5","89.5","89.4","89.4","89.3","89.2","89","88.9","88.7","88.4","88.2","87.9","87.6","87.2","86.9","86.5","86.1","","","","",
"Bangladesh","BGD","Prevalence of anemia among children (% of children under 5)","SH.ANM.CHLD.ZS","","","","","","","","","","","","","","","","","","","","","","","","","","","","","","","73.5","72.8","72.2","71.4","70.6","69.6","68.6","67.5","66.4","65.1","64","63","62.1","61.3","60.5","59.8","59.2","58.4","57.6","57","56.3","55.6","","","","",
"Bulgaria","BGR","Prevalence of anemia among children (% of children under 5)","SH.ANM.CHLD.ZS","","","","","","","","","","","","","","","","","","","","","","","","","","","","","","","34.1","32.6","31.2","30","29","28.2","27.6","27.1","26.9","26.7","26.8","26.9","27.1","27.3","27.4","27.5","27.5","27.3","27.1","27","27.1","27.3","","","","",
"Bahrain","BHR","Prevalence of anemia among children (% of children under 5)","SH.ANM.CHLD.ZS","","","","","","","","","","","","","","","","","","","","","","","","","","","","","","","43.4","42","40.8","39.5","38.3","37.2","36.3","35.3","34.5","33.8","33.3","33.1","33.1","33.3","33.5","33.6","33.4","33.1","32.6","32.3","31.9","31.8","","","","",
"Bahamas, The","BHS","Prevalence of anemia among children (% of children under 5)","SH.ANM.CHLD.ZS","","","","","","","","","","","","","","","","","","","","","","","","","","","","","","","35.6","34.5","33.6","32.9","32.3","31.9","31.4","31.3","31","31","30.9","31","31.4","31.6","31.9","32.1","32.3","32.2","32.3","32.6","32.8","33.1","","","","",
"Bosnia and Herzegovina","BIH","Prevalence of anemia among children (% of children under 5)","SH.ANM.CHLD.ZS","","","","","","","","","","","","","","","","","","","","","","","","","","","","","","","38.8","37","35.3","33.8","32.4","31.2","30.2","29.4","28.7","28.2","27.9","27.7","27.6","27.6","27.6","27.6","27.4","27.3","27.1","27.2","27.4","27.9","","","","",
"Belarus","BLR","Prevalence of anemia among children (% of children under 5)","SH.ANM.CHLD.ZS","","","","","","","","","","","","","","","","","","","","","","","","","","","","","","","34.9","33.2","31.7","30.3","29.1","28.2","27.3","26.7","26.2","25.9","25.8","25.8","25.9","26","26.1","26.1","25.9","25.6","25.4","25.2","25.2","25.4","","","","",
"Belize","BLZ","Prevalence of anemia among children (% of children under 5)","SH.ANM.CHLD.ZS","","","","","","","","","","","","","","","","","","","","","","","","","","","","","","","40","38.9","37.9","37","36.4","35.7","35.4","35","34.7","34.6","34.4","34.3","34.3","34.3","34.3","34.3","34.3","34.2","34.3","34.4","34.7","35.1","","","","",
"Bermuda","BMU","Prevalence of anemia among children (% of children under 5)","SH.ANM.CHLD.ZS","","","","","","","","","","","","","","","","","","","","","","","","","","","","","","","","","","","","","","","","","","","","","","","","","","","","","","","","",
"Bolivia","BOL","Prevalence of anemia among children (% of children under 5)","SH.ANM.CHLD.ZS","","","","","","","","","","","","","","","","","","","","","","","","","","","","","","","57.4","56.6","55.9","55.2","54.6","54","53.7","53.3","53","52.8","52.8","53","53.3","53.7","54.3","54.7","55.2","55.5","55.6","55.8","56","56.1","","","","",
"Brazil","BRA","Prevalence of anemia among children (% of children under 5)","SH.ANM.CHLD.ZS","","","","","","","","","","","","","","","","","","","","","","","","","","","","","","","37.2","35.2","33.3","31.5","29.8","28.2","26.8","25.6","24.4","23.4","22.8","22.1","21.7","21.4","21.3","21.1","21.1","21.2","21.5","22","22.7","23.6","","","","",
"Barbados","BRB","Prevalence of anemia among children (% of children under 5)","SH.ANM.CHLD.ZS","","","","","","","","","","","","","","","","","","","","","","","","","","","","","","","43.5","42.5","41.4","40.6","39.8","39.3","38.8","38.1","37.7","37.4","37.1","37","37.1","37.1","37.2","37.1","37.1","37","36.8","36.8","36.9","37.1","","","","",
"Brunei Darussalam","BRN","Prevalence of anemia among children (% of children under 5)","SH.ANM.CHLD.ZS","","","","","","","","","","","","","","","","","","","","","","","","","","","","","","","20.8","19.8","18.8","17.9","17.2","16.6","16.2","15.8","15.5","15.3","15.3","15.3","15.3","15.4","15.6","15.8","16","16.3","16.6","17","17.6","18.3","","","","",
"Bhutan","BTN","Prevalence of anemia among children (% of children under 5)","SH.ANM.CHLD.ZS","","","","","","","","","","","","","","","","","","","","","","","","","","","","","","","75.8","75.1","74.5","73.7","72.9","72","71","70","69","68","66.9","65.8","64.7","63.7","62.6","61.5","60.4","59.2","58.1","57","56","55.1","","","","",
"Botswana","BWA","Prevalence of anemia among children (% of children under 5)","SH.ANM.CHLD.ZS","","","","","","","","","","","","","","","","","","","","","","","","","","","","","","","47","46","45.1","44.2","43.5","42.6","42.1","41.3","40.9","40.6","40.5","40.7","40.9","41.3","41.6","41.9","42.1","42.3","42.2","42.3","42.4","42.6","","","","",
"Central African Republic","CAF","Prevalence of anemia among children (% of children under 5)","SH.ANM.CHLD.ZS","","","","","","","","","","","","","","","","","","","","","","","","","","","","","","","82.9","82.9","82.8","82.7","82.6","82.3","82","81.6","81.2","80.7","80.1","79.6","79","78.4","77.7","77","76.2","75.3","74.4","73.5","72.6","71.6","","","","",
"Canada","CAN","Prevalence of anemia among children (% of children under 5)","SH.ANM.CHLD.ZS","","","","","","","","","","","","","","","","","","","","","","","","","","","","","","","19.1","17.7","16.5","15.5","14.6","14","13.5","13.1","12.8","12.6","12.4","12.3","12.2","12.2","12.2","12.3","12.3","12.5","12.7","13.1","13.7","14.4","","","","",
"Central Europe and the Baltics","CEB","Prevalence of anemia among children (% of children under 5)","SH.ANM.CHLD.ZS","","","","","","","","","","","","","","","","","","","","","","","","","","","","","","","35.6050183046756","33.9086483569102","32.3686823399759","30.9954626417355","29.8717518160634","28.8837761512245","28.0907249896179","27.4777550743225","27.0584935683474","26.7544535786195","26.704136603282","26.6926077616332","26.7915580988332","26.8398961370033","26.9367528295409","26.9550687983445","26.8497462155439","26.626488626227","26.435554463555","26.3584912297928","26.4440249488672","26.7280330317825","","","","",
"Switzerland","CHE","Prevalence of anemia among children (% of children under 5)","SH.ANM.CHLD.ZS","","","","","","","","","","","","","","","","","","","","","","","","","","","","","","","18.5","17.1","15.9","14.9","14.1","13.4","12.9","12.5","12.2","12","11.8","11.7","11.6","11.6","11.6","11.6","11.7","11.9","12.2","12.6","13.2","14","","","","",
"Channel Islands","CHI","Prevalence of anemia among children (% of children under 5)","SH.ANM.CHLD.ZS","","","","","","","","","","","","","","","","","","","","","","","","","","","","","","","","","","","","","","","","","","","","","","","","","","","","","","","","",
"Chile","CHL","Prevalence of anemia among children (% of children under 5)","SH.ANM.CHLD.ZS","","","","","","","","","","","","","","","","","","","","","","","","","","","","","","","31.7","29.9","28.2","26.7","25.3","24.1","23","22","21.3","20.6","20.1","19.6","19.4","19.1","18.9","18.8","18.8","18.7","19","19.5","20.1","20.9","","","","",
"China","CHN","Prevalence of anemia among children (% of children under 5)","SH.ANM.CHLD.ZS","","","","","","","","","","","","","","","","","","","","","","","","","","","","","","","30.4","27.6","24.9","22.5","20.4","18.5","17","15.7","14.6","13.8","13.2","12.7","12.4","12.3","12.4","12.7","13.1","13.7","14.6","15.7","17.1","18.7","","","","",
"Cote d'Ivoire","CIV","Prevalence of anemia among children (% of children under 5)","SH.ANM.CHLD.ZS","","","","","","","","","","","","","","","","","","","","","","","","","","","","","","","80.2","80.2","80","79.9","79.7","79.4","79","78.5","78.1","77.7","77.4","77","76.7","76.5","76.2","76","75.7","75.5","75.2","74.9","74.7","74.5","","","","",
"Cameroon","CMR","Prevalence of anemia among children (% of children under 5)","SH.ANM.CHLD.ZS","","","","","","","","","","","","","","","","","","","","","","","","","","","","","","","77.4","77.2","76.8","76.5","76","75.4","74.8","74.2","73.4","72.7","71.9","71.2","70.5","69.9","69.2","68.4","67.6","66.7","65.7","64.8","64","63.3","","","","",
"Congo, Rep.","COG","Prevalence of anemia among children (% of children under 5)","SH.ANM.CHLD.ZS","","","","","","","","","","","","","","","","","","","","","","","","","","","","","","","73.7","73.2","72.6","72","71.3","70.7","69.9","69.2","68.5","67.9","67.4","67","66.6","66.5","66.4","66.3","66.1","65.9","65.7","65.6","65.5","65.4","","","","",
"Colombia","COL","Prevalence of anemia among children (% of children under 5)","SH.ANM.CHLD.ZS","","","","","","","","","","","","","","","","","","","","","","","","","","","","","","","35.8","35.2","34.7","34.5","34.4","34.4","34.6","34.7","34.9","34.9","35","35","34.9","34.9","34.5","33.9","32.9","31.8","30.5","29.4","28.5","27.9","","","","",
"Comoros","COM","Prevalence of anemia among children (% of children under 5)","SH.ANM.CHLD.ZS","","","","","","","","","","","","","","","","","","","","","","","","","","","","","","","71.7","70.9","69.9","68.8","67.8","66.8","65.7","64.6","63.4","62.3","61.5","60.6","59.8","59.2","58.5","57.5","56.5","55.4","54.1","53","51.9","51.1","","","","",
"Cabo Verde","CPV","Prevalence of anemia among children (% of children under 5)","SH.ANM.CHLD.ZS","","","","","","","","","","","","","","","","","","","","","","","","","","","","","","","77.2","76.7","76.1","75.5","74.9","74.2","73.4","72.6","71.8","70.8","69.9","69.1","68.2","67.4","66.7","65.8","65","63.9","62.9","62","61.2","60.5","","","","",
"Costa Rica","CRI","Prevalence of anemia among children (% of children under 5)","SH.ANM.CHLD.ZS","","","","","","","","","","","","","","","","","","","","","","","","","","","","","","","28.7","27.5","26.3","25.4","24.9","24.5","24.4","24.5","24.9","25.4","26","26.6","27.5","28.5","29.2","29.8","30.4","30.8","31.4","31.9","32.5","33.1","","","","",
"Caribbean small states","CSS","Prevalence of anemia among children (% of children under 5)","SH.ANM.CHLD.ZS","","","","","","","","","","","","","","","","","","","","","","","","","","","","","","","42.5189937220265","41.4702225572805","40.4046636941574","39.4743548576344","38.6874675584193","38.1133536643548","37.5295743176812","36.9856057775207","36.5910392349156","36.2997146873748","36.0284404744471","35.7911973114712","35.8043858742907","35.7944413452656","35.7653186180223","35.751131217796","35.6294005784283","35.5718063678744","35.4224100434823","35.3923395787909","35.53320809842","35.6991286555703","","","","",
"Cuba","CUB","Prevalence of anemia among children (% of children under 5)","SH.ANM.CHLD.ZS","","","","","","","","","","","","","","","","","","","","","","","","","","","","","","","36.1","35.1","34.2","33.6","33.2","32.8","32.5","32.3","32.1","32.1","32","32.2","32.4","32.8","33","33.2","33.2","33.3","33.2","33.2","33.4","33.6","","","","",
"Curacao","CUW","Prevalence of anemia among children (% of children under 5)","SH.ANM.CHLD.ZS","","","","","","","","","","","","","","","","","","","","","","","","","","","","","","","","","","","","","","","","","","","","","","","","","","","","","","","","",
"Cayman Islands","CYM","Prevalence of anemia among children (% of children under 5)","SH.ANM.CHLD.ZS","","","","","","","","","","","","","","","","","","","","","","","","","","","","","","","","","","","","","","","","","","","","","","","","","","","","","","","","",
"Cyprus","CYP","Prevalence of anemia among children (% of children under 5)","SH.ANM.CHLD.ZS","","","","","","","","","","","","","","","","","","","","","","","","","","","","","","","25.3","23.8","22.5","21.3","20.3","19.4","18.7","18.1","17.7","17.3","17","16.8","16.6","16.5","16.5","16.5","16.6","16.7","17","17.4","18","18.8","","","","",
"Czech Republic","CZE","Prevalence of anemia among children (% of children under 5)","SH.ANM.CHLD.ZS","","","","","","","","","","","","","","","","","","","","","","","","","","","","","","","34.1","32.6","31.2","30","29","28.1","27.5","27","26.7","26.6","26.6","26.6","26.8","27","27.2","27.3","27.2","27","26.8","26.7","26.8","27","","","","",
"Germany","DEU","Prevalence of anemia among children (% of children under 5)","SH.ANM.CHLD.ZS","","","","","","","","","","","","","","","","","","","","","","","","","","","","","","","18.1","16.8","15.6","14.7","13.9","13.3","12.8","12.5","12.2","11.9","11.8","11.6","11.6","11.6","11.6","11.6","11.7","11.9","12.1","12.5","13.1","13.9","","","","",
"Djibouti","DJI","Prevalence of anemia among children (% of children under 5)","SH.ANM.CHLD.ZS","","","","","","","","","","","","","","","","","","","","","","","","","","","","","","","63.8","62.6","61.3","59.9","58.7","57.3","56.2","55.1","53.9","53","52.1","51.4","50.9","50.3","49.8","49","48.1","46.8","45.6","44.5","43.8","43.1","","","","",
"Dominica","DMA","Prevalence of anemia among children (% of children under 5)","SH.ANM.CHLD.ZS","","","","","","","","","","","","","","","","","","","","","","","","","","","","","","","39.5","38.4","37.6","36.9","36.4","35.9","35.5","35.4","35.1","35","35.1","35.1","35.4","35.6","36","36","36.1","36.1","36.1","36.1","36.3","36.5","","","","",
"Denmark","DNK","Prevalence of anemia among children (% of children under 5)","SH.ANM.CHLD.ZS","","","","","","","","","","","","","","","","","","","","","","","","","","","","","","","18.2","16.8","15.7","14.7","13.9","13.2","12.7","12.3","12","11.7","11.6","11.5","11.4","11.4","11.4","11.5","11.6","11.7","12","12.4","12.9","13.6","","","","",
"Dominican Republic","DOM","Prevalence of anemia among children (% of children under 5)","SH.ANM.CHLD.ZS","","","","","","","","","","","","","","","","","","","","","","","","","","","","","","","41","39.6","38.3","37.2","36.2","35.5","34.7","34.1","33.5","33","32.7","32.5","32.6","32.7","32.9","32.9","32.9","32.8","32.8","32.8","33","33.3","","","","",
"Algeria","DZA","Prevalence of anemia among children (% of children under 5)","SH.ANM.CHLD.ZS","","","","","","","","","","","","","","","","","","","","","","","","","","","","","","","48.6","47","45.3","43.9","42.3","40.8","39.3","37.8","36.6","35.5","34.7","34.1","33.8","33.7","33.5","33.4","33.2","32.9","32.4","32","31.8","32","","","","",
"East Asia & Pacific (developing only)","EAP","Prevalence of anemia among children (% of children under 5)","SH.ANM.CHLD.ZS","","","","","","","","","","","","","","","","","","","","","","","","","","","","","","","37.7891584590766","35.2133178521467","32.9946853996414","31.2250307890878","29.7798297266607","28.3906709988993","27.5831234755743","26.6409262367988","25.561319311606","24.6572981273002","23.9867449306342","23.4333900932018","23.0205778881083","22.7795898692707","22.6345666607113","22.6188368913737","22.4752007599665","22.6403849166334","23.0479115931831","23.6410573959487","24.3881101732252","25.3057469256114","","","","",
"East Asia & Pacific (all income levels)","EAS","Prevalence of anemia among children (% of children under 5)","SH.ANM.CHLD.ZS","","","","","","","","","","","","","","","","","","","","","","","","","","","","","","","36.5973181354415","34.1487641853461","31.9831207973838","30.2169182144242","28.7607109225502","27.384564868918","26.5205622075373","25.5826526195323","24.5589837826311","23.7203192332232","23.0942330364544","22.594754666978","22.2263637541535","22.0124347821205","21.8901643288235","21.8960935789079","21.8025225110934","21.9830956963812","22.3879375861984","22.9769479346976","23.7244933910438","24.6255827950282","","","","",
"Europe & Central Asia (developing only)","ECA","Prevalence of anemia among children (% of children under 5)","SH.ANM.CHLD.ZS","","","","","","","","","","","","","","","","","","","","","","","","","","","","","","","46.548096806805","45.1795524655655","43.8370247388452","42.5832765070248","41.393200678211","40.2886655555347","39.161709763367","38.0069640313782","36.9795028264588","36.1235664926409","35.4470802106185","34.9217780074432","34.6146301263237","34.5079499487517","34.3310540115626","34.0858432517478","33.6996169323248","33.1011239936548","32.4463850897338","31.9234886387374","31.5520896924106","31.4248817565478","","","","",
"Europe & Central Asia (all income levels)","ECS","Prevalence of anemia among children (% of children under 5)","SH.ANM.CHLD.ZS","","","","","","","","","","","","","","","","","","","","","","","","","","","","","","","33.3220518886274","31.8443444088485","30.410028477729","29.0998593273259","27.9220102338207","26.913460899063","25.9532526878777","25.1432455001462","24.4790264121668","23.950903489357","23.5538619166704","23.2583989582732","23.0883509931462","23.0047382480535","22.9220618819249","22.8327664806133","22.7180467276226","22.5383338326716","22.4161951615768","22.4330698916062","22.6437699816117","23.0564853072887","","","","",
"Ecuador","ECU","Prevalence of anemia among children (% of children under 5)","SH.ANM.CHLD.ZS","","","","","","","","","","","","","","","","","","","","","","","","","","","","","","","43.4","42.7","42.1","41.6","41.1","40.8","40.5","40.3","40.1","40","40.1","40","40.1","40.3","40.3","40.4","40.2","40.1","40","39.8","39.7","39.6","","","","",
"Egypt, Arab Rep.","EGY","Prevalence of anemia among children (% of children under 5)","SH.ANM.CHLD.ZS","","","","","","","","","","","","","","","","","","","","","","","","","","","","","","","42","40.5","39.2","37.9","36.7","35.5","34.6","34","33.9","34.5","35.4","37.2","39.2","41","42.6","44.1","44.8","45.3","45.5","45.5","45.4","45.4","","","","",
"Euro area","EMU","Prevalence of anemia among children (% of children under 5)","SH.ANM.CHLD.ZS","","","","","","","","","","","","","","","","","","","","","","","","","","","","","","","19.4348743843299","18.0553836750378","16.784660653518","15.7518217858114","14.88602359233","14.2280298294119","13.6487300730143","13.2306198872043","12.8753004588738","12.6032829561755","12.419284331918","12.265836824673","12.2039539096423","12.1987228021386","12.1950618450224","12.2072101972458","12.3383317536261","12.4809748484899","12.7521903576543","13.1360768964588","13.7116845774125","14.4820883277268","","","","",
"Eritrea","ERI","Prevalence of anemia among children (% of children under 5)","SH.ANM.CHLD.ZS","","","","","","","","","","","","","","","","","","","","","","","","","","","","","","","79.4","79","78.4","77.8","77","76.1","75.1","74","72.9","71.9","70.9","70.2","69.4","68.6","67.8","66.9","65.8","64.6","63.2","61.9","60.5","59.2","","","","",
"Spain","ESP","Prevalence of anemia among children (% of children under 5)","SH.ANM.CHLD.ZS","","","","","","","","","","","","","","","","","","","","","","","","","","","","","","","17.4","16.1","14.9","14","13.2","12.7","12.2","11.9","11.6","11.4","11.3","11.2","11.2","11.3","11.3","11.4","11.5","11.7","12.1","12.5","13.1","13.9","","","","",
"Estonia","EST","Prevalence of anemia among children (% of children under 5)","SH.ANM.CHLD.ZS","","","","","","","","","","","","","","","","","","","","","","","","","","","","","","","35.5","33.9","32.3","31","29.8","28.8","27.9","27.2","26.6","26.2","26","25.8","25.7","25.7","25.7","25.6","25.5","25.3","25.1","25.1","25.2","25.6","","","","",
"Ethiopia","ETH","Prevalence of anemia among children (% of children under 5)","SH.ANM.CHLD.ZS","","","","","","","","","","","","","","","","","","","","","","","","","","","","","","","74.9","74.2","73.5","72.6","71.6","70.5","69.3","68","66.7","65.5","64.4","63.4","62.3","61.4","60.4","59.1","57.8","56","54.3","52.6","50.9","49.5","","","","",
"European Union","EUU","Prevalence of anemia among children (% of children under 5)","SH.ANM.CHLD.ZS","","","","","","","","","","","","","","","","","","","","","","","","","","","","","","","22.4277665766517","20.9411192901988","19.5502061583906","18.3830107468965","17.4041147118059","16.6340974166893","15.9654178536151","15.4825290857844","15.1113994922176","14.8217140151399","14.6299939696677","14.4921769111158","14.4303967417853","14.4053343388595","14.4182005356974","14.4475229551218","14.5397717587677","14.6380839038837","14.8563127584349","15.1852681116082","15.6849358252312","16.3678911362022","","","","",
"Fragile and conflict affected situations","FCS","Prevalence of anemia among children (% of children under 5)","SH.ANM.CHLD.ZS","","","","","","","","","","","","","","","","","","","","","","","","","","","","","","","69.0497301837566","68.5804896456977","68.0877189032205","67.5267945955923","66.9304455653539","66.2147337615897","65.4590143689615","64.6493076249236","63.8207384459663","63.0043888586487","62.3380670544128","61.7023360060737","61.2483743756902","60.8912240563046","60.4960223162723","60.1380778374317","59.6628017004625","59.0599126712271","58.4463029029583","57.8630060339018","57.3638959911745","56.8924094975205","","","","",
"Finland","FIN","Prevalence of anemia among children (% of children under 5)","SH.ANM.CHLD.ZS","","","","","","","","","","","","","","","","","","","","","","","","","","","","","","","18.9","17.4","16.2","15.2","14.3","13.7","13.2","12.8","12.5","12.2","12","11.8","11.7","11.7","11.6","11.6","11.7","11.8","12","12.4","12.9","13.6","","","","",
"Fiji","FJI","Prevalence of anemia among children (% of children under 5)","SH.ANM.CHLD.ZS","","","","","","","","","","","","","","","","","","","","","","","","","","","","","","","43.8","41.8","40","38.5","36.9","35.6","34.3","33.3","32.4","31.7","31.2","31","31","31.1","31.4","31.5","31.8","31.8","32","32.1","32.2","32.5","","","","",
"France","FRA","Prevalence of anemia among children (% of children under 5)","SH.ANM.CHLD.ZS","","","","","","","","","","","","","","","","","","","","","","","","","","","","","","","18","16.7","15.5","14.5","13.8","13.2","12.7","12.3","12","11.8","11.6","11.5","11.4","11.4","11.4","11.4","11.6","11.7","12","12.4","13","13.8","","","","",
"Faroe Islands","FRO","Prevalence of anemia among children (% of children under 5)","SH.ANM.CHLD.ZS","","","","","","","","","","","","","","","","","","","","","","","","","","","","","","","","","","","","","","","","","","","","","","","","","","","","","","","","",
"Micronesia, Fed. Sts.","FSM","Prevalence of anemia among children (% of children under 5)","SH.ANM.CHLD.ZS","","","","","","","","","","","","","","","","","","","","","","","","","","","","","","","30.6","28.9","27.3","25.9","24.7","23.5","22.8","22.2","21.8","21.9","22.2","22.8","23.8","25.1","26.3","27.7","29.1","30.2","31.3","32.4","33.4","34.3","","","","",
"Gabon","GAB","Prevalence of anemia among children (% of children under 5)","SH.ANM.CHLD.ZS","","","","","","","","","","","","","","","","","","","","","","","","","","","","","","","71.7","71","70.2","69.6","68.7","67.9","67.1","66.2","65.5","64.7","64","63.5","63.1","62.6","62.3","62","61.7","61.4","61","60.5","60.1","59.7","","","","",
"United Kingdom","GBR","Prevalence of anemia among children (% of children under 5)","SH.ANM.CHLD.ZS","","","","","","","","","","","","","","","","","","","","","","","","","","","","","","","14","12.7","11.6","10.9","10.4","10.1","9.9","9.8","9.8","9.8","9.8","9.9","10","10.1","10.3","10.5","10.6","10.8","11.1","11.5","12.1","12.8","","","","",
"Georgia","GEO","Prevalence of anemia among children (% of children under 5)","SH.ANM.CHLD.ZS","","","","","","","","","","","","","","","","","","","","","","","","","","","","","","","40.9","39.3","38","36.7","35.5","34.3","33.1","31.9","31.1","30.2","29.4","29","28.8","28.7","28.5","28.2","28","27.4","26.8","26.5","26.3","26.5","","","","",
"Ghana","GHA","Prevalence of anemia among children (% of children under 5)","SH.ANM.CHLD.ZS","","","","","","","","","","","","","","","","","","","","","","","","","","","","","","","80.3","80.3","80.3","80.2","80.2","80","79.8","79.6","79.4","79.2","78.9","78.8","78.6","78.4","78.3","78.1","77.9","77.6","77.3","76.9","76.5","76.1","","","","",
"Guinea","GIN","Prevalence of anemia among children (% of children under 5)","SH.ANM.CHLD.ZS","","","","","","","","","","","","","","","","","","","","","","","","","","","","","","","82.9","82.9","82.8","82.7","82.5","82.2","81.9","81.6","81.2","80.8","80.3","80","79.6","79.3","78.9","78.5","78.1","77.7","77.2","76.7","76.2","75.7","","","","",
"Gambia, The","GMB","Prevalence of anemia among children (% of children under 5)","SH.ANM.CHLD.ZS","","","","","","","","","","","","","","","","","","","","","","","","","","","","","","","84.4","84.1","83.8","83.4","82.9","82.2","81.5","80.7","79.7","78.6","77.4","76.2","75","73.8","72.7","71.5","70.4","69.3","68.2","67.2","66.3","65.4","","","","",
"Guinea-Bissau","GNB","Prevalence of anemia among children (% of children under 5)","SH.ANM.CHLD.ZS","","","","","","","","","","","","","","","","","","","","","","","","","","","","","","","81.4","81.3","81.1","80.9","80.6","80.3","80","79.6","79.2","78.8","78.3","77.8","77.4","76.8","76.3","75.7","75.1","74.2","73.6","72.8","72.1","71.3","","","","",
"Equatorial Guinea","GNQ","Prevalence of anemia among children (% of children under 5)","SH.ANM.CHLD.ZS","","","","","","","","","","","","","","","","","","","","","","","","","","","","","","","77.6","77.4","77.1","76.8","76.4","75.9","75.5","74.9","74.2","73.4","72.7","72","71.4","70.9","70.2","69.5","69","68.4","67.6","67.1","66.7","66.1","","","","",
"Greece","GRC","Prevalence of anemia among children (% of children under 5)","SH.ANM.CHLD.ZS","","","","","","","","","","","","","","","","","","","","","","","","","","","","","","","19.5","18.1","16.9","15.9","15.1","14.4","13.9","13.5","13.2","12.9","12.8","12.7","12.6","12.6","12.6","12.6","12.7","12.9","13.1","13.5","14.1","14.9","","","","",
"Grenada","GRD","Prevalence of anemia among children (% of children under 5)","SH.ANM.CHLD.ZS","","","","","","","","","","","","","","","","","","","","","","","","","","","","","","","45.4","44.4","43.4","42.6","42.1","41.6","41.1","40.5","40.1","39.9","39.5","39.3","39.4","39.5","39.5","39.5","39.4","39.4","39.3","39.3","39.5","39.5","","","","",
"Greenland","GRL","Prevalence of anemia among children (% of children under 5)","SH.ANM.CHLD.ZS","","","","","","","","","","","","","","","","","","","","","","","","","","","","","","","","","","","","","","","","","","","","","","","","","","","","","","","","",
"Guatemala","GTM","Prevalence of anemia among children (% of children under 5)","SH.ANM.CHLD.ZS","","","","","","","","","","","","","","","","","","","","","","","","","","","","","","","37.4","36.4","35.5","35","34.5","34.1","34.2","34.5","34.6","35","35.8","36.8","37.9","39.2","40.4","41.4","42.5","43.5","44.3","45.2","46.1","47.1","","","","",
"Guam","GUM","Prevalence of anemia among children (% of children under 5)","SH.ANM.CHLD.ZS","","","","","","","","","","","","","","","","","","","","","","","","","","","","","","","","","","","","","","","","","","","","","","","","","","","","","","","","",
"Guyana","GUY","Prevalence of anemia among children (% of children under 5)","SH.ANM.CHLD.ZS","","","","","","","","","","","","","","","","","","","","","","","","","","","","","","","49.5","49","48.4","47.8","47.3","47","46.5","46","45.5","45.2","44.8","44.6","44.3","44.2","44","43.7","43.5","43","42.5","42","41.7","41.3","","","","",
"High income","HIC","Prevalence of anemia among children (% of children under 5)","SH.ANM.CHLD.ZS","","","","","","","","","","","","","","","","","","","","","","","","","","","","","","","23.9216709788922","22.231068799057","20.5798405990052","19.174465911597","18.0102014025196","17.1209176779738","16.3033985028846","15.7750014322057","15.3836328019136","15.1440892097367","14.9757211334482","14.9193461572099","14.8792624989127","14.8428578951322","14.8418691085695","14.8752610842595","14.9068217833019","14.9745137478336","15.1614853719119","15.4490712098536","15.8935366516085","16.4542567104155","","","","",
"Hong Kong SAR, China","HKG","Prevalence of anemia among children (% of children under 5)","SH.ANM.CHLD.ZS","","","","","","","","","","","","","","","","","","","","","","","","","","","","","","","","","","","","","","","","","","","","","","","","","","","","","","","","",
"Honduras","HND","Prevalence of anemia among children (% of children under 5)","SH.ANM.CHLD.ZS","","","","","","","","","","","","","","","","","","","","","","","","","","","","","","","40.5","39.2","38.1","37","36.1","35.4","34.6","34","33.7","33.5","33.8","34.2","34.8","35.7","36.5","37.2","37.8","38.2","38.5","38.8","39.2","39.5","","","","",
"Heavily indebted poor countries (HIPC)","HPC","Prevalence of anemia among children (% of children under 5)","SH.ANM.CHLD.ZS","","","","","","","","","","","","","","","","","","","","","","","","","","","","","","","77.3529636721812","76.978515801191","76.5618359650689","76.0998964421772","75.5657921665719","74.9288004063201","74.2148344805915","73.3929628565166","72.5387841461117","71.7099008014248","70.9601708562493","70.250482675967","69.6075932600112","69.0237968234732","68.3943144570336","67.7117268289041","66.918483254703","65.9345383782224","64.9183455784581","63.8764694618649","62.8479332836507","61.8573390150488","","","","",
"Croatia","HRV","Prevalence of anemia among children (% of children under 5)","SH.ANM.CHLD.ZS","","","","","","","","","","","","","","","","","","","","","","","","","","","","","","","36.2","34.4","32.8","31.3","30.1","29","28.2","27.4","26.9","26.6","26.5","26.5","26.5","26.6","26.7","26.7","26.6","26.4","26.3","26.2","26.4","26.8","","","","",
"Haiti","HTI","Prevalence of anemia among children (% of children under 5)","SH.ANM.CHLD.ZS","","","","","","","","","","","","","","","","","","","","","","","","","","","","","","","63.3","63.3","63.2","63.3","63.2","63.2","63.1","63","62.7","62.4","62.2","61.7","61.2","60.9","60.7","60.5","60.3","60.3","60.4","60.6","61.1","61.7","","","","",
"Hungary","HUN","Prevalence of anemia among children (% of children under 5)","SH.ANM.CHLD.ZS","","","","","","","","","","","","","","","","","","","","","","","","","","","","","","","34.8","33.2","31.7","30.4","29.3","28.3","27.6","27","26.7","26.4","26.4","26.4","26.5","26.6","26.7","26.8","26.7","26.5","26.4","26.3","26.4","26.6","","","","",
"Indonesia","IDN","Prevalence of anemia among children (% of children under 5)","SH.ANM.CHLD.ZS","","","","","","","","","","","","","","","","","","","","","","","","","","","","","","","58.6","57.3","55.9","54.4","52.9","51.3","49.3","47.5","45.7","44.1","42.4","41","39.7","38.4","37.2","36.2","35.1","34.4","33.7","33.2","32.8","32.5","","","","",
"Isle of Man","IMN","Prevalence of anemia among children (% of children under 5)","SH.ANM.CHLD.ZS","","","","","","","","","","","","","","","","","","","","","","","","","","","","","","","","","","","","","","","","","","","","","","","","","","","","","","","","",
"India","IND","Prevalence of anemia among children (% of children under 5)","SH.ANM.CHLD.ZS","","","","","","","","","","","","","","","","","","","","","","","","","","","","","","","75","74.5","74","73.4","72.8","72.1","71.3","70.6","69.7","68.8","68.1","67.3","66.7","66.1","65.5","64.7","63.9","62.9","62","60.9","60","59","","","","",
"Not classified","INX","Prevalence of anemia among children (% of children under 5)","SH.ANM.CHLD.ZS","","","","","","","","","","","","","","","","","","","","","","","","","","","","","","","","","","","","","","","","","","","","","","","","","","","","","","","","",
"Ireland","IRL","Prevalence of anemia among children (% of children under 5)","SH.ANM.CHLD.ZS","","","","","","","","","","","","","","","","","","","","","","","","","","","","","","","19.7","18.3","17","15.9","15.1","14.4","13.8","13.3","13","12.7","12.4","12.2","12.1","12","12","12","12","12.2","12.4","12.7","13.3","13.9","","","","",
"Iran, Islamic Rep.","IRN","Prevalence of anemia among children (% of children under 5)","SH.ANM.CHLD.ZS","","","","","","","","","","","","","","","","","","","","","","","","","","","","","","","50.8","49.4","47.8","46.5","45.4","44.2","43.1","42","41","40.2","39.5","39","38.7","38.3","37.9","37.5","36.7","35.9","34.6","33.6","32.8","32.5","","","","",
"Iraq","IRQ","Prevalence of anemia among children (% of children under 5)","SH.ANM.CHLD.ZS","","","","","","","","","","","","","","","","","","","","","","","","","","","","","","","52.1","51.1","50.1","49","47.7","46.4","44.9","43.6","42.2","40.8","39.8","39","38.6","38.7","38.5","38.3","38.1","37.5","36.9","36.3","36","35.9","","","","",
"Iceland","ISL","Prevalence of anemia among children (% of children under 5)","SH.ANM.CHLD.ZS","","","","","","","","","","","","","","","","","","","","","","","","","","","","","","","18.1","16.7","15.6","14.7","13.9","13.3","12.8","12.4","12.2","11.9","11.8","11.6","11.6","11.5","11.6","11.6","11.7","11.8","12","12.4","12.9","13.5","","","","",
"Israel","ISR","Prevalence of anemia among children (% of children under 5)","SH.ANM.CHLD.ZS","","","","","","","","","","","","","","","","","","","","","","","","","","","","","","","17.7","16.6","15.6","14.8","14.1","13.5","13","12.7","12.4","12.3","12.2","12.2","12.2","12.3","12.5","12.6","12.8","13.1","13.4","13.9","14.5","15.2","","","","",
"Italy","ITA","Prevalence of anemia among children (% of children under 5)","SH.ANM.CHLD.ZS","","","","","","","","","","","","","","","","","","","","","","","","","","","","","","","18.9","17.5","16.2","15.2","14.3","13.7","13.1","12.7","12.3","12.1","11.9","11.8","11.8","11.8","11.8","11.8","12","12.1","12.4","12.8","13.4","14.2","","","","",
"Jamaica","JAM","Prevalence of anemia among children (% of children under 5)","SH.ANM.CHLD.ZS","","","","","","","","","","","","","","","","","","","","","","","","","","","","","","","39.5","38.2","36.9","35.8","34.9","34.2","33.5","32.8","32.3","31.9","31.5","31.2","31.2","31.1","31","31","30.8","30.9","30.8","30.9","31.2","31.6","","","","",
"Jordan","JOR","Prevalence of anemia among children (% of children under 5)","SH.ANM.CHLD.ZS","","","","","","","","","","","","","","","","","","","","","","","","","","","","","","","44.1","42.3","40.7","38.9","37.3","35.9","34.7","33.4","32.6","31.8","31.7","31.7","32.2","33.1","34","34.7","34.9","34.8","34.1","33","31.9","31.2","","","","",
"Japan","JPN","Prevalence of anemia among children (% of children under 5)","SH.ANM.CHLD.ZS","","","","","","","","","","","","","","","","","","","","","","","","","","","","","","","19.1","17.8","16.6","15.6","14.8","14.2","13.7","13.3","12.9","12.7","12.6","12.5","12.5","12.5","12.5","12.6","12.8","13","13.3","13.8","14.5","15.2","","","","",
"Kazakhstan","KAZ","Prevalence of anemia among children (% of children under 5)","SH.ANM.CHLD.ZS","","","","","","","","","","","","","","","","","","","","","","","","","","","","","","","65.1","63.1","60.9","58.5","56.1","53.5","50.7","47.9","45.1","42.6","40.5","38.9","37.4","36.4","35.4","34.6","33.7","32.6","31.6","30.9","30.2","30","","","","",
"Kenya","KEN","Prevalence of anemia among children (% of children under 5)","SH.ANM.CHLD.ZS","","","","","","","","","","","","","","","","","","","","","","","","","","","","","","","78","77","76","74.8","73.5","72.1","70.6","68.9","67.2","65.4","63.8","62.1","60.6","59.2","57.8","56.3","54.6","53","51.1","49.5","47.8","46.3","","","","",
"Kyrgyz Republic","KGZ","Prevalence of anemia among children (% of children under 5)","SH.ANM.CHLD.ZS","","","","","","","","","","","","","","","","","","","","","","","","","","","","","","","55.1","53.7","52.2","51","49.8","48.6","47.2","45.9","44.4","43.2","42.1","41.3","40.8","40.6","40.2","39.8","39.1","38.5","37.6","36.8","36.2","35.8","","","","",
"Cambodia","KHM","Prevalence of anemia among children (% of children under 5)","SH.ANM.CHLD.ZS","","","","","","","","","","","","","","","","","","","","","","","","","","","","","","","72.8","72.5","72.3","72","71.5","71","70.4","69.8","69.1","68.2","67.3","66.5","65.6","64.8","63.8","62.8","61.5","60.2","58.8","57.5","56.3","55","","","","",
"Kiribati","KIR","Prevalence of anemia among children (% of children under 5)","SH.ANM.CHLD.ZS","","","","","","","","","","","","","","","","","","","","","","","","","","","","","","","41.3","40.2","39.1","38.2","37.5","36.8","36","35.4","34.9","34.5","34.3","34.4","34.6","35","35.5","35.7","36.1","36.2","36.4","36.6","36.7","36.9","","","","",
"St. Kitts and Nevis","KNA","Prevalence of anemia among children (% of children under 5)","SH.ANM.CHLD.ZS","","","","","","","","","","","","","","","","","","","","","","","","","","","","","","","","","","","","","","","","","","","","","","","","","","","","","","","","",
"Korea, Rep.","KOR","Prevalence of anemia among children (% of children under 5)","SH.ANM.CHLD.ZS","","","","","","","","","","","","","","","","","","","","","","","","","","","","","","","11.6","10.6","9.9","9.5","9.3","9.3","9.4","9.5","9.7","10","10.2","10.5","10.8","11","11.3","11.6","11.9","12.2","12.6","13.1","13.7","14.5","","","","",
"Kosovo","KSV","Prevalence of anemia among children (% of children under 5)","SH.ANM.CHLD.ZS","","","","","","","","","","","","","","","","","","","","","","","","","","","","","","","","","","","","","","","","","","","","","","","","","","","","","","","","",
"Kuwait","KWT","Prevalence of anemia among children (% of children under 5)","SH.ANM.CHLD.ZS","","","","","","","","","","","","","","","","","","","","","","","","","","","","","","","36.8","35.2","33.6","32.1","30.9","29.6","28.6","27.7","27","26.6","26.4","26.4","26.5","26.7","27","27.2","27.1","26.9","26.5","26.4","26.2","26.4","","","","",
"Latin America & Caribbean (developing only)","LAC","Prevalence of anemia among children (% of children under 5)","SH.ANM.CHLD.ZS","","","","","","","","","","","","","","","","","","","","","","","","","","","","","","","40.3868315941987","38.9949386973115","37.7437559223185","36.7291818241068","35.7292186142471","34.8662813025994","34.1095054943841","33.3839818108068","32.6611818275025","32.0020944676917","31.6088722895275","31.0805020253025","30.8172950162751","30.6055889242062","30.4548962214401","30.1920031413027","29.9076059515555","29.685537340106","29.4840888764817","29.4011199584646","29.4786670074599","29.7017848818039","","","","",
"Lao PDR","LAO","Prevalence of anemia among children (% of children under 5)","SH.ANM.CHLD.ZS","","","","","","","","","","","","","","","","","","","","","","","","","","","","","","","63.5","62.3","61","59.6","58.2","56.5","54.7","52.8","51.1","49.5","48","46.5","45.5","44.6","44","43.2","42.9","42.4","42","41.7","41.6","41.6","","","","",
"Lebanon","LBN","Prevalence of anemia among children (% of children under 5)","SH.ANM.CHLD.ZS","","","","","","","","","","","","","","","","","","","","","","","","","","","","","","","36.8","35","33.4","31.8","30.5","29.4","28.3","27.4","26.6","25.9","25.6","25.3","25.2","25.2","25.2","25.3","25.1","24.7","24.3","24","24","24.2","","","","",
"Liberia","LBR","Prevalence of anemia among children (% of children under 5)","SH.ANM.CHLD.ZS","","","","","","","","","","","","","","","","","","","","","","","","","","","","","","","83.4","83.4","83.3","83.2","83","82.7","82.3","81.7","81","80.2","79.3","78.4","77.6","76.8","76.1","75.3","74.5","73.7","73.1","72.4","72","71.5","","","","",
"Libya","LBY","Prevalence of anemia among children (% of children under 5)","SH.ANM.CHLD.ZS","","","","","","","","","","","","","","","","","","","","","","","","","","","","","","","43.1","41.4","39.7","38.2","36.9","35.8","34.6","33.6","32.6","32","31.6","31.3","31.3","31.5","31.6","31.6","31.5","31.1","30.7","30.4","30.2","30.3","","","","",
"St. Lucia","LCA","Prevalence of anemia among children (% of children under 5)","SH.ANM.CHLD.ZS","","","","","","","","","","","","","","","","","","","","","","","","","","","","","","","45.6","44.5","43.7","42.8","42.3","41.7","41.4","41.1","40.8","40.8","40.8","40.6","40.9","41","41.2","41.2","41.1","41","41","41","40.9","41","","","","",
"Latin America & Caribbean (all income levels)","LCN","Prevalence of anemia among children (% of children under 5)","SH.ANM.CHLD.ZS","","","","","","","","","","","","","","","","","","","","","","","","","","","","","","","39.374527731741","37.9395134041418","36.6559759087463","35.6047535505064","34.6025593965066","33.735691512942","32.9764770885907","32.2658472250875","31.5826183709881","30.9546844355162","30.5683459099378","30.0993063547759","29.846119747837","29.6564968266512","29.5025598351959","29.247126326612","28.9754576749332","28.7624774407151","28.6118876337284","28.5760015155497","28.7118340503504","28.9964317050396","","","","",
"Least developed countries: UN classification","LDC","Prevalence of anemia among children (% of children under 5)","SH.ANM.CHLD.ZS","","","","","","","","","","","","","","","","","","","","","","","","","","","","","","","75.3062276203221","74.8425261408744","74.3751579464915","73.8110834711499","73.1958340627786","72.4568215063693","71.6516910147855","70.7495584958392","69.8284212146027","68.8913478693976","68.0587916388429","67.276901154507","66.5812619369593","65.9515012761988","65.2903936716729","64.6165353261861","63.8355333305947","62.8777615783654","61.8988031850194","60.9200736870625","59.9170128666117","58.9561260088872","","","","",
"Low income","LIC","Prevalence of anemia among children (% of children under 5)","SH.ANM.CHLD.ZS","","","","","","","","","","","","","","","","","","","","","","","","","","","","","","","74.6935513420798","74.3334458718578","73.9127333813071","73.4143341889251","72.8585718773156","72.245663255824","71.5738471002301","70.8180820413539","70.0780924969717","69.3645668818178","68.7421378435018","68.1677327812813","67.639593668552","67.149350704386","66.5881255346738","65.9614765653986","65.1884204677859","64.2306236797736","63.2374045275501","62.1907113563192","61.1438596249","60.1155817091878","","","","",
"Liechtenstein","LIE","Prevalence of anemia among children (% of children under 5)","SH.ANM.CHLD.ZS","","","","","","","","","","","","","","","","","","","","","","","","","","","","","","","","","","","","","","","","","","","","","","","","","","","","","","","","",
"Sri Lanka","LKA","Prevalence of anemia among children (% of children under 5)","SH.ANM.CHLD.ZS","","","","","","","","","","","","","","","","","","","","","","","","","","","","","","","53.1","51.2","49.1","47","44.8","42.6","40.5","38.5","36.7","35.1","33.8","33","32.6","32.4","32.4","32.6","33","33.4","34.1","34.7","35.4","36.1","","","","",
"Lower middle income","LMC","Prevalence of anemia among children (% of children under 5)","SH.ANM.CHLD.ZS","","","","","","","","","","","","","","","","","","","","","","","","","","","","","","","67.9522094809378","67.2382555676674","66.5335797172429","65.7807558140882","65.0307004884605","64.205166470106","63.3437242776308","62.5572749574265","61.7082717349142","60.9247794560543","60.2777746527195","59.7232242651497","59.2841687286004","58.8524840879069","58.4217961927516","57.9530300357523","57.426195360203","56.8098085970469","56.2375596614733","55.6151916333183","55.0773042490787","54.5388541674487","","","","",
"Low & middle income","LMY","Prevalence of anemia among children (% of children under 5)","SH.ANM.CHLD.ZS","","","","","","","","","","","","","","","","","","","","","","","","","","","","","","","55.7031917330879","54.3477859879211","53.3612997891815","52.7146896169188","52.2420372747311","51.7452289485354","51.6604905290274","51.3324669530764","50.7583284850407","50.2094464248413","49.8720883095101","49.5765777201554","49.3694589802463","49.1946668704461","49.0053835216292","48.7625265729501","48.3219317737901","47.9172825299659","47.6121168418531","47.3039113422144","47.0543268193318","46.8704079811515","","","","",
"Lesotho","LSO","Prevalence of anemia among children (% of children under 5)","SH.ANM.CHLD.ZS","","","","","","","","","","","","","","","","","","","","","","","","","","","","","","","48.4","47.3","46.4","45.6","44.7","44.1","43.4","43","42.8","43","43.6","44.1","44.8","45.8","46.5","47.2","47.8","47.9","48.1","48.3","48.3","48.4","","","","",
"Lithuania","LTU","Prevalence of anemia among children (% of children under 5)","SH.ANM.CHLD.ZS","","","","","","","","","","","","","","","","","","","","","","","","","","","","","","","35.8","34.1","32.6","31.2","30.1","29","28.2","27.5","27","26.7","26.5","26.4","26.4","26.4","26.4","26.3","26.1","25.9","25.6","25.6","25.7","26","","","","",
"Luxembourg","LUX","Prevalence of anemia among children (% of children under 5)","SH.ANM.CHLD.ZS","","","","","","","","","","","","","","","","","","","","","","","","","","","","","","","17.3","15.9","14.8","13.9","13.1","12.6","12.1","11.8","11.6","11.4","11.2","11.2","11.1","11.1","11.1","11.2","11.3","11.4","11.7","12","12.5","13.2","","","","",
"Latvia","LVA","Prevalence of anemia among children (% of children under 5)","SH.ANM.CHLD.ZS","","","","","","","","","","","","","","","","","","","","","","","","","","","","","","","34.9","33.2","31.7","30.3","29.1","28.1","27.4","26.8","26.3","26.1","26","25.9","25.9","25.9","26","25.9","25.7","25.5","25.3","25.2","25.3","25.7","","","","",
"Macao SAR, China","MAC","Prevalence of anemia among children (% of children under 5)","SH.ANM.CHLD.ZS","","","","","","","","","","","","","","","","","","","","","","","","","","","","","","","","","","","","","","","","","","","","","","","","","","","","","","","","",
"St. Martin (French part)","MAF","Prevalence of anemia among children (% of children under 5)","SH.ANM.CHLD.ZS","","","","","","","","","","","","","","","","","","","","","","","","","","","","","","","","","","","","","","","","","","","","","","","","","","","","","","","","",
"Morocco","MAR","Prevalence of anemia among children (% of children under 5)","SH.ANM.CHLD.ZS","","","","","","","","","","","","","","","","","","","","","","","","","","","","","","","48.7","46.8","44.8","43","41.2","39.3","37.6","36.3","34.9","33.8","33.1","33","33","33.3","33.7","34.2","34.4","34.5","34.7","34.8","35","35.5","","","","",
"Monaco","MCO","Prevalence of anemia among children (% of children under 5)","SH.ANM.CHLD.ZS","","","","","","","","","","","","","","","","","","","","","","","","","","","","","","","","","","","","","","","","","","","","","","","","","","","","","","","","",
"Moldova","MDA","Prevalence of anemia among children (% of children under 5)","SH.ANM.CHLD.ZS","","","","","","","","","","","","","","","","","","","","","","","","","","","","","","","34.3","32.8","31.5","30.5","29.7","29.2","28.9","28.9","29","29.4","29.9","30.5","31.1","31.7","32.1","32.2","31.9","31.2","30.4","29.6","29.1","28.9","","","","",
"Madagascar","MDG","Prevalence of anemia among children (% of children under 5)","SH.ANM.CHLD.ZS","","","","","","","","","","","","","","","","","","","","","","","","","","","","","","","81.1","80.3","79.2","78","76.8","75.3","73.9","72.2","70.5","68.9","67.3","65.9","64.6","63.2","61.8","60.3","58.6","56.7","54.7","53","51.4","50","","","","",
"Maldives","MDV","Prevalence of anemia among children (% of children under 5)","SH.ANM.CHLD.ZS","","","","","","","","","","","","","","","","","","","","","","","","","","","","","","","83.8","82.8","81.5","80","78.1","75.8","72.8","69.3","65.2","60.9","56.4","51.8","47.4","43.6","40.1","37.2","34.8","32.9","31.7","30.8","30.2","29.9","","","","",
"Middle East & North Africa (all income levels)","MEA","Prevalence of anemia among children (% of children under 5)","SH.ANM.CHLD.ZS","","","","","","","","","","","","","","","","","","","","","","","","","","","","","","","48.6467341125869","47.2468275758085","45.9345627170263","44.6887297777327","43.5005750236129","42.2286745548914","41.1154420917862","40.1075865356004","39.2415597766494","38.6535529284944","38.3153865637449","38.3794922244696","38.7460392794766","39.2074400802573","39.6066354309856","39.9866240779134","40.0176172513274","39.8396073971875","39.4146983081543","38.9932292263171","38.6865367439529","38.5723959659983","","","","",
"Mexico","MEX","Prevalence of anemia among children (% of children under 5)","SH.ANM.CHLD.ZS","","","","","","","","","","","","","","","","","","","","","","","","","","","","","","","40.1","38.6","37.4","36.7","35.8","35.2","34.6","33.9","33.3","32.6","32.1","31.3","30.9","30.3","29.8","29.2","28.4","27.7","27","26.4","26.1","25.9","","","","",
"Marshall Islands","MHL","Prevalence of anemia among children (% of children under 5)","SH.ANM.CHLD.ZS","","","","","","","","","","","","","","","","","","","","","","","","","","","","","","","38.6","37.5","36.5","35.6","34.9","34","33.3","32.8","32.3","32","31.7","31.6","31.6","31.9","32","32.3","32.3","32.4","32.5","32.6","32.7","32.8","","","","",
"Middle income","MIC","Prevalence of anemia among children (% of children under 5)","SH.ANM.CHLD.ZS","","","","","","","","","","","","","","","","","","","","","","","","","","","","","","","53.509790241487","52.0039037076966","50.8787013794062","50.113626696323","49.5406967259536","48.9515950007389","48.7975513865539","48.4199355736198","47.7880919743382","47.1903229274442","46.8167619082036","46.486867114995","46.2637715202544","46.0788742273289","45.8955078092997","45.6657318676915","45.2455121057835","44.8967949006345","44.6725661587419","44.4602648931341","44.3262790671339","44.271444171376","","","","",
"Macedonia, FYR","MKD","Prevalence of anemia among children (% of children under 5)","SH.ANM.CHLD.ZS","","","","","","","","","","","","","","","","","","","","","","","","","","","","","","","36.8","34.6","32.6","30.8","29.2","27.9","26.9","26.1","25.6","25.3","25.2","25.3","25.5","25.6","25.7","25.5","25.2","24.6","23.9","23.2","22.6","22.4","","","","",
"Mali","MLI","Prevalence of anemia among children (% of children under 5)","SH.ANM.CHLD.ZS","","","","","","","","","","","","","","","","","","","","","","","","","","","","","","","85.2","85.3","85.3","85.3","85.3","85.2","85","84.8","84.6","84.3","84","83.7","83.3","83","82.7","82.4","82","81.7","81.3","80.9","80.5","80.1","","","","",
"Malta","MLT","Prevalence of anemia among children (% of children under 5)","SH.ANM.CHLD.ZS","","","","","","","","","","","","","","","","","","","","","","","","","","","","","","","17.6","16.4","15.3","14.4","13.7","13.2","12.7","12.4","12.1","12","11.9","11.9","11.9","12","12.1","12.2","12.3","12.5","12.8","13.1","13.7","14.4","","","","",
"Myanmar","MMR","Prevalence of anemia among children (% of children under 5)","SH.ANM.CHLD.ZS","","","","","","","","","","","","","","","","","","","","","","","","","","","","","","","58.8","57.3","56","54.4","52.9","51.2","49.5","47.9","46.4","44.9","43.6","42.5","41.7","41","40.4","40.1","39.7","39.5","39.4","39.5","39.6","39.9","","","","",
"Middle East & North Africa (developing only)","MNA","Prevalence of anemia among children (% of children under 5)","SH.ANM.CHLD.ZS","","","","","","","","","","","","","","","","","","","","","","","","","","","","","","","48.743728423815","47.3450123615855","45.96175618105","44.7240899546779","43.5449518067887","42.3313684087817","41.2439778826499","40.2634414081654","39.4432673503188","38.8937448237726","38.617827603792","38.7624819192448","39.2003216890925","39.7352059413593","40.1982761234451","40.6457512190697","40.6885838127733","40.5180097085563","40.1109501491321","39.6864848113406","39.3705488910952","39.2680862812015","","","","",
"Montenegro","MNE","Prevalence of anemia among children (% of children under 5)","SH.ANM.CHLD.ZS","","","","","","","","","","","","","","","","","","","","","","","","","","","","","","","37","35.3","33.7","32.2","31","29.9","29.1","28.4","27.9","27.6","27.4","27.4","27.5","27.6","27.7","27.7","27.6","27.4","27.1","27","27.1","27.4","","","","",
"Mongolia","MNG","Prevalence of anemia among children (% of children under 5)","SH.ANM.CHLD.ZS","","","","","","","","","","","","","","","","","","","","","","","","","","","","","","","43.6","41.7","39.7","37.9","36","34.1","32.1","30.3","28.7","27.2","25.9","25","24.3","23.8","23.7","23.6","23.8","24.1","24.3","24.8","25.4","26.2","","","","",
"Northern Mariana Islands","MNP","Prevalence of anemia among children (% of children under 5)","SH.ANM.CHLD.ZS","","","","","","","","","","","","","","","","","","","","","","","","","","","","","","","","","","","","","","","","","","","","","","","","","","","","","","","","",
"Mozambique","MOZ","Prevalence of anemia among children (% of children under 5)","SH.ANM.CHLD.ZS","","","","","","","","","","","","","","","","","","","","","","","","","","","","","","","80","79.6","79.1","78.5","77.9","77.2","76.4","75.5","74.7","73.9","73.2","72.6","72.1","71.5","71","70.4","69.6","68.8","68","67.5","66.9","66.5","","","","",
"Mauritania","MRT","Prevalence of anemia among children (% of children under 5)","SH.ANM.CHLD.ZS","","","","","","","","","","","","","","","","","","","","","","","","","","","","","","","82.3","82.2","82","81.8","81.5","81.2","80.8","80.4","79.9","79.3","78.9","78.3","77.7","77.1","76.5","75.8","75","74.2","73.3","72.5","71.6","70.7","","","","",
"Mauritius","MUS","Prevalence of anemia among children (% of children under 5)","SH.ANM.CHLD.ZS","","","","","","","","","","","","","","","","","","","","","","","","","","","","","","","69.1","67.7","66.3","64.6","63","61.4","59.7","58.1","56.5","55.1","53.8","52.7","51.7","51","50.1","49.3","48.3","47.2","46.1","45.1","44.4","43.6","","","","",
"Malawi","MWI","Prevalence of anemia among children (% of children under 5)","SH.ANM.CHLD.ZS","","","","","","","","","","","","","","","","","","","","","","","","","","","","","","","76.4","76.3","76.2","76","75.7","75.4","75.2","74.8","74.4","74.2","73.9","73.7","73.6","73.3","73","72.5","71.7","70.7","69.7","68.4","67","65.6","","","","",
"Malaysia","MYS","Prevalence of anemia among children (% of children under 5)","SH.ANM.CHLD.ZS","","","","","","","","","","","","","","","","","","","","","","","","","","","","","","","45.6","43.9","42.3","40.7","39","37.4","35.9","34.4","33.2","32.3","31.5","31","30.6","30.5","30.4","30.4","30.6","30.7","31","31.3","31.6","31.8","","","","",
"North America","NAC","Prevalence of anemia among children (% of children under 5)","SH.ANM.CHLD.ZS","","","","","","","","","","","","","","","","","","","","","","","","","","","","","","","16.5630372025436","14.255130384563","12.1482119857324","10.5143579309368","9.25146632022443","8.28452912605043","7.59842784000481","7.19083782075898","6.78872020780014","6.57615586068976","6.45605951248443","6.34331392317729","6.23177093931358","6.1318063325166","6.12696921812075","6.13364992751838","6.12825707339371","6.14918810562345","6.26950891164662","6.40916541542966","6.65554287121434","7.00343703998898","","","","",
"Namibia","NAM","Prevalence of anemia among children (% of children under 5)","SH.ANM.CHLD.ZS","","","","","","","","","","","","","","","","","","","","","","","","","","","","","","","49.6","49","48.4","47.8","47.4","47","46.7","46.4","46.4","46.5","47","47.4","48.2","48.8","49.2","49.7","49.8","49.8","49.8","49.6","49.5","49.3","","","","",
"New Caledonia","NCL","Prevalence of anemia among children (% of children under 5)","SH.ANM.CHLD.ZS","","","","","","","","","","","","","","","","","","","","","","","","","","","","","","","","","","","","","","","","","","","","","","","","","","","","","","","","",
"Niger","NER","Prevalence of anemia among children (% of children under 5)","SH.ANM.CHLD.ZS","","","","","","","","","","","","","","","","","","","","","","","","","","","","","","","87.2","87.3","87.2","87.2","87","86.9","86.7","86.4","86","85.6","85.1","84.5","83.9","83.2","82.4","81.6","80.6","79.6","78.6","77.6","76.6","75.6","","","","",
"Nigeria","NGA","Prevalence of anemia among children (% of children under 5)","SH.ANM.CHLD.ZS","","","","","","","","","","","","","","","","","","","","","","","","","","","","","","","76.7","76.9","77.1","77.2","77.2","77.1","77","76.8","76.6","76.4","76.1","75.8","75.6","75.3","74.9","74.6","74.1","73.6","73","72.4","71.7","71","","","","",
"Nicaragua","NIC","Prevalence of anemia among children (% of children under 5)","SH.ANM.CHLD.ZS","","","","","","","","","","","","","","","","","","","","","","","","","","","","","","","53.8","51.6","49.5","47.4","45.3","43.4","41.3","39.3","37.1","34.8","32.4","29.9","27.4","24.8","22.4","20.5","19","18.1","17.8","17.8","18.1","18.8","","","","",
"Netherlands","NLD","Prevalence of anemia among children (% of children under 5)","SH.ANM.CHLD.ZS","","","","","","","","","","","","","","","","","","","","","","","","","","","","","","","18.5","17","15.8","14.8","13.9","13.3","12.8","12.4","12.1","11.8","11.6","11.5","11.4","11.4","11.5","11.5","11.6","11.8","12.1","12.5","13.1","13.8","","","","",
"High income: nonOECD","NOC","Prevalence of anemia among children (% of children under 5)","SH.ANM.CHLD.ZS","","","","","","","","","","","","","","","","","","","","","","","","","","","","","","","37.264840815418","35.7152404399374","34.3709784853938","33.1413688374396","32.1162759370272","31.212999672829","30.4979786202299","29.8716785904452","29.2993941933965","28.8785327717077","28.5817213053999","28.3837285794873","28.313536326056","28.3449471173439","28.3211607212441","28.2421453494283","28.0872983387787","27.9251553007721","27.8135572954815","27.8025811146634","27.9700630130458","28.2995085852442","","","","",
"Norway","NOR","Prevalence of anemia among children (% of children under 5)","SH.ANM.CHLD.ZS","","","","","","","","","","","","","","","","","","","","","","","","","","","","","","","19.3","17.9","16.7","15.7","14.9","14.2","13.6","13.2","12.8","12.5","12.3","12.2","12.1","12","12","12.1","12.1","12.3","12.6","12.9","13.5","14.1","","","","",
"Nepal","NPL","Prevalence of anemia among children (% of children under 5)","SH.ANM.CHLD.ZS","","","","","","","","","","","","","","","","","","","","","","","","","","","","","","","73.1","72.5","71.9","71.3","70.6","69.8","68.9","67.9","66.9","65.8","64.8","63.7","62.6","61.5","60.4","59.2","57.7","56.4","55","53.6","52.2","50.8","","","","",
"New Zealand","NZL","Prevalence of anemia among children (% of children under 5)","SH.ANM.CHLD.ZS","","","","","","","","","","","","","","","","","","","","","","","","","","","","","","","17.9","16.6","15.5","14.5","13.7","13.1","12.7","12.3","12.1","11.9","11.7","11.7","11.7","11.8","11.9","12","12.2","12.5","12.8","13.3","13.9","14.7","","","","",
"High income: OECD","OEC","Prevalence of anemia among children (% of children under 5)","SH.ANM.CHLD.ZS","","","","","","","","","","","","","","","","","","","","","","","","","","","","","","","18.8614703067403","17.1575806654982","15.5863830139007","14.3315727392788","13.3293972060678","12.5586321373023","11.9443944800957","11.5276543154548","11.1662526196455","10.9310903963485","10.7780768424744","10.6679335582357","10.601767163934","10.5521621311523","10.5634504368046","10.6028849063348","10.6641728636711","10.7662627754517","10.9956233429677","11.311847393126","11.7707651299974","12.3685708447098","","","","",
"OECD members","OED","Prevalence of anemia among children (% of children under 5)","SH.ANM.CHLD.ZS","","","","","","","","","","","","","","","","","","","","","","","","","","","","","","","24.3931611381726","22.7448969407564","21.2162603074701","20.0061975247435","18.9788642542615","18.1950819463939","17.535759944303","17.0374016923302","16.6391900152175","16.3335764992895","16.1085807837602","15.9009099286221","15.7605780875246","15.5897009673477","15.4632425959571","15.3449112592324","15.1689601935366","15.0518191186376","15.0471611118509","15.1679202179242","15.4630207343632","15.8877197808384","","","","",
"Oman","OMN","Prevalence of anemia among children (% of children under 5)","SH.ANM.CHLD.ZS","","","","","","","","","","","","","","","","","","","","","","","","","","","","","","","58.3","57.1","55.6","54.1","52.3","50.6","49.1","47.5","46","44.8","43.8","43.1","42.7","42.7","42.7","42.7","42.5","42.2","41.8","41.3","41","40.7","","","","",
"Other small states","OSS","Prevalence of anemia among children (% of children under 5)","SH.ANM.CHLD.ZS","","","","","","","","","","","","","","","","","","","","","","","","","","","","","","","62.2370131056749","61.4553266762539","60.6470257114118","59.8070026512893","58.9679932436137","58.1644396776799","57.3611864999116","56.5599214775671","55.8793657413352","55.3578119767701","55.0209515149071","54.7634716596431","54.678888463087","54.6753989918848","54.6535755707792","54.6313523467535","54.5810865872946","54.3437235106885","54.0846847303185","53.8535553020781","53.6521406769332","53.4420192501458","","","","",
"Pakistan","PAK","Prevalence of anemia among children (% of children under 5)","SH.ANM.CHLD.ZS","","","","","","","","","","","","","","","","","","","","","","","","","","","","","","","65.2","64.3","63.4","62.6","61.6","60.5","59.5","58.5","57.4","56.5","55.8","55.6","55.5","55.6","56","56.5","57","57.5","58.3","59.1","60.1","61.1","","","","",
"Panama","PAN","Prevalence of anemia among children (% of children under 5)","SH.ANM.CHLD.ZS","","","","","","","","","","","","","","","","","","","","","","","","","","","","","","","23.5","23.7","24.2","25.2","26.5","27.9","29.2","30.4","31.5","32.4","33","33.5","33.8","34.3","34.3","34.2","33.9","33.6","33","32.4","32","31.6","","","","",
"Peru","PER","Prevalence of anemia among children (% of children under 5)","SH.ANM.CHLD.ZS","","","","","","","","","","","","","","","","","","","","","","","","","","","","","","","56.7","56.1","55.6","55.3","55.1","54.7","54.2","53.6","52.8","52.1","51.6","51.1","50.6","49.9","48.9","47.3","45.4","43.4","40.9","38.4","35.8","33.2","","","","",
"Philippines","PHL","Prevalence of anemia among children (% of children under 5)","SH.ANM.CHLD.ZS","","","","","","","","","","","","","","","","","","","","","","","","","","","","","","","48.2","46.5","44.9","43.3","41.9","40.3","38.9","37.7","36.7","36","35.5","35.2","35","35","34.9","34.8","34.8","34.7","34.7","34.8","34.8","34.9","","","","",
"Palau","PLW","Prevalence of anemia among children (% of children under 5)","SH.ANM.CHLD.ZS","","","","","","","","","","","","","","","","","","","","","","","","","","","","","","","","","","","","","","","","","","","","","","","","","","","","","","","","",
"Papua New Guinea","PNG","Prevalence of anemia among children (% of children under 5)","SH.ANM.CHLD.ZS","","","","","","","","","","","","","","","","","","","","","","","","","","","","","","","49.4","48.3","47.3","46.4","45.5","44.7","43.9","43.4","42.9","42.6","42.3","42.4","42.6","42.8","43.2","43.6","43.8","44","44.1","44.1","44.2","44.3","","","","",
"Poland","POL","Prevalence of anemia among children (% of children under 5)","SH.ANM.CHLD.ZS","","","","","","","","","","","","","","","","","","","","","","","","","","","","","","","35.7","34","32.4","31","29.9","28.9","28","27.4","26.9","26.5","26.4","26.4","26.5","26.5","26.6","26.6","26.5","26.3","26.1","26","26.1","26.4","","","","",
"Puerto Rico","PRI","Prevalence of anemia among children (% of children under 5)","SH.ANM.CHLD.ZS","","","","","","","","","","","","","","","","","","","","","","","","","","","","","","","","","","","","","","","","","","","","","","","","","","","","","","","","",
"Korea, Dem. People’s Rep.","PRK","Prevalence of anemia among children (% of children under 5)","SH.ANM.CHLD.ZS","","","","","","","","","","","","","","","","","","","","","","","","","","","","","","","48.1","46.6","45.1","43.7","42.4","40.9","39.6","38.4","37.2","35.9","34.9","34.1","33.4","33.1","32.8","32.7","32.6","32.8","33","33.3","33.5","33.9","","","","",
"Portugal","PRT","Prevalence of anemia among children (% of children under 5)","SH.ANM.CHLD.ZS","","","","","","","","","","","","","","","","","","","","","","","","","","","","","","","19.7","18.2","16.9","15.9","15","14.4","13.8","13.3","13","12.7","12.5","12.3","12.2","12.1","12","12","12.1","12.1","12.4","12.7","13.2","13.9","","","","",
"Paraguay","PRY","Prevalence of anemia among children (% of children under 5)","SH.ANM.CHLD.ZS","","","","","","","","","","","","","","","","","","","","","","","","","","","","","","","39.7","37.9","36.1","34.5","32.9","31.5","30.2","29.2","28.1","27.3","26.7","26.3","25.9","25.7","25.6","25.5","25.3","25.3","25.4","25.9","26.5","27.2","","","","",
"Pacific island small states","PSS","Prevalence of anemia among children (% of children under 5)","SH.ANM.CHLD.ZS","","","","","","","","","","","","","","","","","","","","","","","","","","","","","","","43.0740478310436","41.4668739414871","39.9756955304963","38.6161414393573","37.379205430017","36.2624515137275","35.2723174083616","34.4175837032315","33.7876399172241","33.3184723474368","33.0936843947496","33.1242810008249","33.341512511453","33.6950456153122","34.1460849051012","34.5417344983732","34.9333731049972","35.1327215145981","35.3609634229349","35.5671858142271","35.7530390034319","35.9737084543194","","","","",
"French Polynesia","PYF","Prevalence of anemia among children (% of children under 5)","SH.ANM.CHLD.ZS","","","","","","","","","","","","","","","","","","","","","","","","","","","","","","","","","","","","","","","","","","","","","","","","","","","","","","","","",
"Qatar","QAT","Prevalence of anemia among children (% of children under 5)","SH.ANM.CHLD.ZS","","","","","","","","","","","","","","","","","","","","","","","","","","","","","","","35.1","33.8","32.5","31.4","30.5","29.6","28.8","27.9","27.2","26.7","26.4","26.3","26.5","26.6","26.7","26.9","26.8","26.6","26.2","25.9","25.7","25.7","","","","",
"Romania","ROU","Prevalence of anemia among children (% of children under 5)","SH.ANM.CHLD.ZS","","","","","","","","","","","","","","","","","","","","","","","","","","","","","","","36.4","34.6","33.1","31.7","30.5","29.5","28.8","28.1","27.7","27.4","27.4","27.3","27.4","27.4","27.5","27.5","27.4","27.1","26.9","26.9","26.9","27.2","","","","",
"Russian Federation","RUS","Prevalence of anemia among children (% of children under 5)","SH.ANM.CHLD.ZS","","","","","","","","","","","","","","","","","","","","","","","","","","","","","","","35","33.3","31.8","30.4","29.2","28.2","27.4","26.8","26.3","26","25.9","25.8","25.9","26","26.1","26.1","26","25.8","25.6","25.5","25.6","25.9","","","","",
"Rwanda","RWA","Prevalence of anemia among children (% of children under 5)","SH.ANM.CHLD.ZS","","","","","","","","","","","","","","","","","","","","","","","","","","","","","","","63","61.4","59.7","58.1","56.7","55.2","53.5","51.9","50.4","49.2","48.3","47.7","47","46.4","45.7","44.8","43.7","42.3","40.9","39.6","38.5","37.6","","","","",
"South Asia","SAS","Prevalence of anemia among children (% of children under 5)","SH.ANM.CHLD.ZS","","","","","","","","","","","","","","","","","","","","","","","","","","","","","","","73.3043937519484","72.6841226112559","72.0754201410053","71.385195027483","70.6711070685186","69.844725971188","68.9594568667493","68.1330654003897","67.152063508314","66.1739788241958","65.399079834584","64.6249777452842","64.0204062734895","63.4536315868024","62.9192102747675","62.2709058329217","61.6359449859477","60.8470945948003","60.1849604653354","59.4070678680362","58.8159424172554","58.1676337007525","","","","",
"Saudi Arabia","SAU","Prevalence of anemia among children (% of children under 5)","SH.ANM.CHLD.ZS","","","","","","","","","","","","","","","","","","","","","","","","","","","","","","","54.4","53.1","51.8","50.4","49.1","47.9","46.5","45.3","44.1","43.3","42.5","42","41.9","41.8","41.7","41.6","41.4","41.1","40.4","39.9","39.5","39.1","","","","",
"Sudan","SDN","Prevalence of anemia among children (% of children under 5)","SH.ANM.CHLD.ZS","","","","","","","","","","","","","","","","","","","","","","","","","","","","","","","88","87.7","87.2","86.7","86","85.1","84","82.9","81.5","80","78.5","76.9","75.3","73.7","72.1","70.4","68.6","66.5","64.4","62.4","60.4","58.7","","","","",
"Senegal","SEN","Prevalence of anemia among children (% of children under 5)","SH.ANM.CHLD.ZS","","","","","","","","","","","","","","","","","","","","","","","","","","","","","","","84.9","85","85.1","85.1","85.1","85.1","85","84.8","84.6","84.4","84.1","83.8","83.5","83.1","82.7","82.3","81.8","81.2","80.7","80.1","79.4","78.7","","","","",
"Singapore","SGP","Prevalence of anemia among children (% of children under 5)","SH.ANM.CHLD.ZS","","","","","","","","","","","","","","","","","","","","","","","","","","","","","","","20.7","19.8","19.1","18.4","17.8","17.2","16.8","16.5","16.2","16.1","16.1","16.1","16.2","16.4","16.5","16.8","17","17.3","17.6","18","18.5","19.1","","","","",
"Solomon Islands","SLB","Prevalence of anemia among children (% of children under 5)","SH.ANM.CHLD.ZS","","","","","","","","","","","","","","","","","","","","","","","","","","","","","","","47.6","46.3","45","43.7","42.7","41.6","40.7","39.7","39.1","38.6","38.4","38.4","38.5","38.8","39.1","39.5","39.7","39.8","39.9","40","40.1","40.2","","","","",
"Sierra Leone","SLE","Prevalence of anemia among children (% of children under 5)","SH.ANM.CHLD.ZS","","","","","","","","","","","","","","","","","","","","","","","","","","","","","","","82.3","82.3","82.3","82.2","82.2","82","81.8","81.6","81.2","80.9","80.5","80","79.5","79","78.5","77.9","77.3","76.7","76.1","75.4","74.8","74.1","","","","",
"El Salvador","SLV","Prevalence of anemia among children (% of children under 5)","SH.ANM.CHLD.ZS","","","","","","","","","","","","","","","","","","","","","","","","","","","","","","","27.4","26","24.7","23.4","22.3","21.4","20.6","19.9","19.5","19.5","19.7","20.3","20.8","21.6","22.5","23.6","24.5","25.3","26.3","27.5","28.5","29.7","","","","",
"San Marino","SMR","Prevalence of anemia among children (% of children under 5)","SH.ANM.CHLD.ZS","","","","","","","","","","","","","","","","","","","","","","","","","","","","","","","","","","","","","","","","","","","","","","","","","","","","","","","","",
"Somalia","SOM","Prevalence of anemia among children (% of children under 5)","SH.ANM.CHLD.ZS","","","","","","","","","","","","","","","","","","","","","","","","","","","","","","","74.2","73.2","72.1","71","69.7","68.5","67.1","65.7","64.3","62.9","61.9","61","60.5","60.2","60","59.8","59.4","58.8","58.2","57.7","57.1","56.7","","","","",
"Serbia","SRB","Prevalence of anemia among children (% of children under 5)","SH.ANM.CHLD.ZS","","","","","","","","","","","","","","","","","","","","","","","","","","","","","","","37.3","35.6","34","32.6","31.5","30.5","29.7","29.1","28.6","28.4","28.2","28.1","28.1","28","27.9","27.7","27.4","26.9","26.5","26.2","26.1","26.3","","","","",
"Sub-Saharan Africa (developing only)","SSA","Prevalence of anemia among children (% of children under 5)","SH.ANM.CHLD.ZS","","","","","","","","","","","","","","","","","","","","","","","","","","","","","","","74.7659275281764","74.5677218330454","74.3766932621809","74.1455231072401","73.8326047728751","73.4400555017273","72.9694601904857","72.3762821246631","71.7548580991864","71.1631684550837","70.645571991208","70.1747160822783","69.8034999519919","69.4401595629591","68.9867863590904","68.4328168188587","67.713446939229","66.7752527524256","65.7506856636614","64.7118292159106","63.6400659642954","62.617109623848","","","","",
"South Sudan","SSD","Prevalence of anemia among children (% of children under 5)","SH.ANM.CHLD.ZS","","","","","","","","","","","","","","","","","","","","","","","","","","","","","","","","","","","","","","","","","","","","","","","","","","","","","","","","",
"Sub-Saharan Africa (all income levels)","SSF","Prevalence of anemia among children (% of children under 5)","SH.ANM.CHLD.ZS","","","","","","","","","","","","","","","","","","","","","","","","","","","","","","","74.7666439474076","74.5684134540892","74.3772423972303","74.1459198364061","73.8328371325083","73.4401455294538","72.9695438983626","72.3763506513988","71.7548877543321","71.163060134258","70.6453491646721","70.1744133986581","69.8030082827134","69.4395974736479","68.9860664203426","68.4320242456415","67.7128413999438","66.7749630673332","65.7506343938358","64.7122952210681","63.6411062076065","62.6185645692152","","","","",
"Small states","SST","Prevalence of anemia among children (% of children under 5)","SH.ANM.CHLD.ZS","","","","","","","","","","","","","","","","","","","","","","","","","","","","","","","56.2788955326138","55.5099059685242","54.6867661835892","53.8450575996318","53.0265573129886","52.2837262798726","51.5253235640913","50.7951808362577","50.205703288394","49.7695500556135","49.4960352557191","49.3333433581087","49.3559109645249","49.440101101446","49.5135988907593","49.5829264724199","49.6262149589957","49.5142990466524","49.3666184260648","49.2631604672302","49.2237432073671","49.1794342054152","","","","",
"Sao Tome and Principe","STP","Prevalence of anemia among children (% of children under 5)","SH.ANM.CHLD.ZS","","","","","","","","","","","","","","","","","","","","","","","","","","","","","","","72.8","72.1","71.3","70.6","69.8","68.9","68","67.1","66.1","65.2","64.4","63.7","63.2","62.7","62.3","61.9","61.5","61","60.5","59.9","59.2","58.5","","","","",
"Suriname","SUR","Prevalence of anemia among children (% of children under 5)","SH.ANM.CHLD.ZS","","","","","","","","","","","","","","","","","","","","","","","","","","","","","","","43.3","42.5","41.9","41.5","41","40.8","40.5","40.1","40","39.8","39.8","39.6","39.7","39.8","39.8","39.7","39.5","39.4","39.1","38.9","38.8","38.7","","","","",
"Slovak Republic","SVK","Prevalence of anemia among children (% of children under 5)","SH.ANM.CHLD.ZS","","","","","","","","","","","","","","","","","","","","","","","","","","","","","","","36.7","35","33.4","31.9","30.7","29.7","28.8","28.2","27.7","27.4","27.2","27.2","27.2","27.3","27.3","27.3","27.1","26.9","26.7","26.6","26.7","27.1","","","","",
"Slovenia","SVN","Prevalence of anemia among children (% of children under 5)","SH.ANM.CHLD.ZS","","","","","","","","","","","","","","","","","","","","","","","","","","","","","","","36.3","34.6","33","31.6","30.4","29.4","28.6","28","27.5","27.2","27.1","27.1","27.2","27.3","27.4","27.4","27.3","27.1","26.9","26.8","27","27.3","","","","",
"Sweden","SWE","Prevalence of anemia among children (% of children under 5)","SH.ANM.CHLD.ZS","","","","","","","","","","","","","","","","","","","","","","","","","","","","","","","18.7","17.3","16.1","15.1","14.3","13.6","13.1","12.8","12.5","12.2","12.1","11.9","11.8","11.7","11.7","11.7","11.8","11.9","12.1","12.4","12.8","13.5","","","","",
"Swaziland","SWZ","Prevalence of anemia among children (% of children under 5)","SH.ANM.CHLD.ZS","","","","","","","","","","","","","","","","","","","","","","","","","","","","","","","43.6","42.2","41","39.8","38.8","38.1","37.5","37.2","36.9","36.9","37.3","37.9","38.5","39.4","40.3","41","41.7","42.2","42.6","43","43.5","44","","","","",
"Sint Maarten (Dutch part)","SXM","Prevalence of anemia among children (% of children under 5)","SH.ANM.CHLD.ZS","","","","","","","","","","","","","","","","","","","","","","","","","","","","","","","","","","","","","","","","","","","","","","","","","","","","","","","","",
"Seychelles","SYC","Prevalence of anemia among children (% of children under 5)","SH.ANM.CHLD.ZS","","","","","","","","","","","","","","","","","","","","","","","","","","","","","","","58.6","56.8","55.1","53.2","51.3","49.6","47.9","46.2","44.8","43.5","42.4","41.8","41.2","40.8","40.5","40.1","39.7","39","38.5","38.1","37.7","37.4","","","","",
"Syrian Arab Republic","SYR","Prevalence of anemia among children (% of children under 5)","SH.ANM.CHLD.ZS","","","","","","","","","","","","","","","","","","","","","","","","","","","","","","","52.7","51.1","49.5","47.8","46.2","44.6","43","41.5","40.3","39.2","38.3","37.9","37.9","37.8","37.8","38","37.8","37.5","37.2","36.9","36.7","36.7","","","","",
"Turks and Caicos Islands","TCA","Prevalence of anemia among children (% of children under 5)","SH.ANM.CHLD.ZS","","","","","","","","","","","","","","","","","","","","","","","","","","","","","","","","","","","","","","","","","","","","","","","","","","","","","","","","",
"Chad","TCD","Prevalence of anemia among children (% of children under 5)","SH.ANM.CHLD.ZS","","","","","","","","","","","","","","","","","","","","","","","","","","","","","","","83.5","83.5","83.5","83.3","83.2","83","82.7","82.4","82","81.7","81.3","80.8","80.3","79.8","79.2","78.5","77.8","76.9","76.2","75.4","74.6","73.6","","","","",
"Togo","TGO","Prevalence of anemia among children (% of children under 5)","SH.ANM.CHLD.ZS","","","","","","","","","","","","","","","","","","","","","","","","","","","","","","","81.4","81.2","81.1","81","80.7","80.4","80.1","79.6","79.1","78.6","78.1","77.6","77.2","76.6","76.1","75.5","74.8","74.1","73.4","72.6","71.9","71.1","","","","",
"Thailand","THA","Prevalence of anemia among children (% of children under 5)","SH.ANM.CHLD.ZS","","","","","","","","","","","","","","","","","","","","","","","","","","","","","","","40.7","38.6","36.3","34.2","32.3","30.2","28.4","27.2","26.1","25.4","25","24.7","24.6","24.8","25","25.3","25.6","26.1","26.8","27.7","28.5","29.5","","","","",
"Tajikistan","TJK","Prevalence of anemia among children (% of children under 5)","SH.ANM.CHLD.ZS","","","","","","","","","","","","","","","","","","","","","","","","","","","","","","","49.1","47.8","46.8","46","45.1","44.4","43.6","42.7","41.9","41.1","40.3","39.6","39","38.5","37.9","37.1","36","34.5","32.8","30.7","28.9","27.4","","","","",
"Turkmenistan","TKM","Prevalence of anemia among children (% of children under 5)","SH.ANM.CHLD.ZS","","","","","","","","","","","","","","","","","","","","","","","","","","","","","","","45.7","44.4","43.2","42","41.1","40.2","39.2","38.4","37.5","36.7","36","35.6","35.3","35.2","35.1","34.9","34.5","33.9","33.1","32.5","32","31.8","","","","",
"Timor-Leste","TLS","Prevalence of anemia among children (% of children under 5)","SH.ANM.CHLD.ZS","","","","","","","","","","","","","","","","","","","","","","","","","","","","","","","57.1","55.2","53.1","51","48.7","46.4","44","41.6","39.4","37.8","36.5","35.3","34.9","34.9","35.3","36.2","37.4","38.7","40.2","42.1","43.8","45.4","","","","",
"Tonga","TON","Prevalence of anemia among children (% of children under 5)","SH.ANM.CHLD.ZS","","","","","","","","","","","","","","","","","","","","","","","","","","","","","","","42.5","41.2","40","38.9","37.7","36.8","35.9","35.1","34.5","34","33.8","33.6","33.7","34","34.3","34.7","35.1","35.3","35.5","35.7","35.9","36.2","","","","",
"Trinidad and Tobago","TTO","Prevalence of anemia among children (% of children under 5)","SH.ANM.CHLD.ZS","","","","","","","","","","","","","","","","","","","","","","","","","","","","","","","45.3","44.3","43.3","42.5","41.8","41.3","40.7","40.2","39.8","39.3","39.1","38.8","38.8","38.8","38.8","38.9","38.7","38.7","38.7","38.7","38.8","39","","","","",
"Tunisia","TUN","Prevalence of anemia among children (% of children under 5)","SH.ANM.CHLD.ZS","","","","","","","","","","","","","","","","","","","","","","","","","","","","","","","39","36.6","34.2","32","30","28.3","26.7","25.5","24.7","24.1","23.9","24","24.4","25.1","25.8","26.5","27","27.4","27.7","28.1","28.8","29.5","","","","",
"Turkey","TUR","Prevalence of anemia among children (% of children under 5)","SH.ANM.CHLD.ZS","","","","","","","","","","","","","","","","","","","","","","","","","","","","","","","47.7","46","44.2","42.5","40.9","39.3","37.8","36.2","34.9","33.9","33.1","32.5","32.2","32.2","32.1","31.9","31.6","31.1","30.5","30.2","30","30.1","","","","",
"Tuvalu","TUV","Prevalence of anemia among children (% of children under 5)","SH.ANM.CHLD.ZS","","","","","","","","","","","","","","","","","","","","","","","","","","","","","","","","","","","","","","","","","","","","","","","","","","","","","","","","",
"Tanzania","TZA","Prevalence of anemia among children (% of children under 5)","SH.ANM.CHLD.ZS","","","","","","","","","","","","","","","","","","","","","","","","","","","","","","","77.9","77.5","77.1","76.7","76.2","75.8","75.3","74.7","74.2","73.7","73.2","72.7","72.4","71.9","71.2","70.4","69.4","68","66.5","64.7","62.9","60.8","","","","",
"Uganda","UGA","Prevalence of anemia among children (% of children under 5)","SH.ANM.CHLD.ZS","","","","","","","","","","","","","","","","","","","","","","","","","","","","","","","76.7","76.3","75.7","75.1","74.5","73.9","73.3","72.6","72","71.6","71.3","71.1","70.9","70.7","70.2","69.5","68.3","66.6","64.5","61.9","59.1","56.2","","","","",
"Ukraine","UKR","Prevalence of anemia among children (% of children under 5)","SH.ANM.CHLD.ZS","","","","","","","","","","","","","","","","","","","","","","","","","","","","","","","35","33.4","31.9","30.6","29.5","28.6","27.8","27.3","26.9","26.7","26.6","26.7","26.8","26.9","27","27.1","27","26.7","26.5","26.4","26.4","26.7","","","","",
"Upper middle income","UMC","Prevalence of anemia among children (% of children under 5)","SH.ANM.CHLD.ZS","","","","","","","","","","","","","","","","","","","","","","","","","","","","","","","35.735802740518","33.385139339249","31.2790056401425","29.5833028568746","28.1652959201358","26.9111170328421","26.1773975326917","25.4166992599543","24.6316841141751","24.0011843713022","23.6385497967102","23.2800222775105","23.0884037765887","23.0157593178553","23.0135352127928","23.0483305737847","22.9651865531325","23.0650725645418","23.3563753893539","23.8030224180533","24.4078373326002","25.227355457233","","","","",
"Uruguay","URY","Prevalence of anemia among children (% of children under 5)","SH.ANM.CHLD.ZS","","","","","","","","","","","","","","","","","","","","","","","","","","","","","","","34.6","32.8","31.1","29.5","28.1","26.8","25.7","24.7","23.9","23.3","22.6","22.3","22.1","21.9","21.8","21.7","21.7","21.8","22","22.4","22.9","23.6","","","","",
"United States","USA","Prevalence of anemia among children (% of children under 5)","SH.ANM.CHLD.ZS","","","","","","","","","","","","","","","","","","","","","","","","","","","","","","","16.3","13.9","11.7","10","8.7","7.7","7","6.6","6.2","6","5.9","5.8","5.7","5.6","5.6","5.6","5.6","5.6","5.7","5.8","6","6.3","","","","",
"Uzbekistan","UZB","Prevalence of anemia among children (% of children under 5)","SH.ANM.CHLD.ZS","","","","","","","","","","","","","","","","","","","","","","","","","","","","","","","60.7","60.2","59.7","59.3","58.7","58.2","57.3","56.2","55.2","54.2","53.3","52.6","52","51.6","51","50.3","49.4","48.2","46.9","45.5","44.3","43.2","","","","",
"St. Vincent and the Grenadines","VCT","Prevalence of anemia among children (% of children under 5)","SH.ANM.CHLD.ZS","","","","","","","","","","","","","","","","","","","","","","","","","","","","","","","44.1","43","42","41.2","40.5","40","39.5","39.2","38.8","38.6","38.3","38.1","38.2","38.2","38.3","38.4","38.3","38.2","38","37.8","37.9","38.1","","","","",
"Venezuela, RB","VEN","Prevalence of anemia among children (% of children under 5)","SH.ANM.CHLD.ZS","","","","","","","","","","","","","","","","","","","","","","","","","","","","","","","33.1","32.2","31.4","30.9","30.6","30.3","30.2","30.2","30.3","30.3","30.4","30.8","31","31.4","31.7","31.7","31.8","31.7","31.7","31.7","31.8","32","","","","",
"Virgin Islands (U.S.)","VIR","Prevalence of anemia among children (% of children under 5)","SH.ANM.CHLD.ZS","","","","","","","","","","","","","","","","","","","","","","","","","","","","","","","","","","","","","","","","","","","","","","","","","","","","","","","","",
"Vietnam","VNM","Prevalence of anemia among children (% of children under 5)","SH.ANM.CHLD.ZS","","","","","","","","","","","","","","","","","","","","","","","","","","","","","","","53.8","52","49.9","47.9","45.9","44","42.1","40.2","38.5","37.1","35.8","34.7","33.7","33","32.3","32","31.5","31.3","31.1","31.1","31.1","31.3","","","","",
"Vanuatu","VUT","Prevalence of anemia among children (% of children under 5)","SH.ANM.CHLD.ZS","","","","","","","","","","","","","","","","","","","","","","","","","","","","","","","43.3","41.8","40.4","38.9","37.8","36.7","35.8","35","34.5","34.1","34","34.3","34.7","35.3","36","36.7","37.3","37.7","37.9","38.1","38.3","38.3","","","","",
"West Bank and Gaza","PSE","Prevalence of anemia among children (% of children under 5)","SH.ANM.CHLD.ZS","","","","","","","","","","","","","","","","","","","","","","","","","","","","","","","","","","","","","","","","","","","","","","","","","","","","","","","","",
"World","WLD","Prevalence of anemia among children (% of children under 5)","SH.ANM.CHLD.ZS","","","","","","","","","","","","","","","","","","","","","","","","","","","","","","","51.5083644846047","50.1782925384802","49.140607614441","48.3947736278107","47.8277337096658","47.2780465891765","47.083381697101","46.7458327502289","46.2354493399987","45.7672980806373","45.4815178888893","45.2575144631919","45.0922127170318","44.9403354812514","44.7744590762509","44.5684669970876","44.1887144599584","43.8403700509195","43.5936340630266","43.3638991763628","43.2130337002853","43.1220054209625","","","","",
"Samoa","WSM","Prevalence of anemia among children (% of children under 5)","SH.ANM.CHLD.ZS","","","","","","","","","","","","","","","","","","","","","","","","","","","","","","","38.8","37.5","36.4","35.3","34.5","33.6","33","32.4","32","31.6","31.4","31.2","31.3","31.3","31.5","31.6","31.7","31.8","31.7","31.8","31.9","32","","","","",
"Yemen, Rep.","YEM","Prevalence of anemia among children (% of children under 5)","SH.ANM.CHLD.ZS","","","","","","","","","","","","","","","","","","","","","","","","","","","","","","","64.7","64.4","64","63.6","63.3","62.8","62.3","61.8","61.3","60.9","60.6","60.5","60.6","60.8","61","61.2","61.2","61","60.7","60.3","59.8","59.3","","","","",
"South Africa","ZAF","Prevalence of anemia among children (% of children under 5)","SH.ANM.CHLD.ZS","","","","","","","","","","","","","","","","","","","","","","","","","","","","","","","29.6","28.8","28.4","28.3","28.2","28.6","29","29.6","30.4","31.3","32.5","33.8","35.2","36.5","37.7","38.6","39.4","39.7","40","40.3","40.3","40.6","","","","",
"Congo, Dem. Rep.","COD","Prevalence of anemia among children (% of children under 5)","SH.ANM.CHLD.ZS","","","","","","","","","","","","","","","","","","","","","","","","","","","","","","","80","79.9","79.9","79.8","79.6","79.3","78.9","78.4","77.9","77.3","76.7","76","75.3","74.6","73.8","73.1","72.1","71.1","70.1","69.1","68.1","67.1","","","","",
"Zambia","ZMB","Prevalence of anemia among children (% of children under 5)","SH.ANM.CHLD.ZS","","","","","","","","","","","","","","","","","","","","","","","","","","","","","","","75.5","74.3","73","71.4","69.7","67.9","66","64.1","62.3","60.7","59.6","58.6","58.2","58.1","58.2","58.5","58.6","58.5","58.3","58.2","58","57.7","","","","",
"Zimbabwe","ZWE","Prevalence of anemia among children (% of children under 5)","SH.ANM.CHLD.ZS","","","","","","","","","","","","","","","","","","","","","","","","","","","","","","","29.1","28","27.3","26.7","26.4","26.5","27","28","29.7","32","35","38.4","42.3","45.9","49.2","51.8","53.9","55.3","56.6","57.5","58.4","59","","","","",
